firstName,lastName,birthDate,gender,email,deviceID,uuid
Darsie,Yuranovev,1998-12-02,Female,dyuranovev0@amazonaws.com,d62d77a8-31b1-4e11-a9b4-575651ce10ea
Cesar,Ferries,1986-02-21,Male,cferries1@dell.com,afc1b8b3-a978-45b8-9e06-7ea0f77ffd5c
Christen,Ketchaside,1975-01-05,Female,cketchaside2@nih.gov,9d49ce8c-b781-49bf-980f-8a6a3db2471f
Rufus,Kilduff,2010-11-22,Male,rkilduff3@cbslocal.com,b49f72ea-7ca9-4b4d-9aa8-a1dc351ba340
Tonya,Zuker,1959-11-27,Female,tzuker4@wsj.com,b7949069-011f-4c30-a87a-77713ab826e7
Nevin,Vowells,1987-03-09,Male,nvowells5@theatlantic.com,294d97f7-3fed-410e-8b0a-1b0508923ab2
Hestia,Lionel,1976-06-01,Female,hlionel6@psu.edu,b6f89b7e-28d0-4af1-9221-6c1c6d78a9cb
Guthry,Jacobbe,1983-03-01,Male,gjacobbe7@furl.net,55c608b0-0cc9-453e-8d36-24b7ca8733c8
Welby,Bastard,1958-08-30,Male,wbastard8@mozilla.com,c309064d-1e1a-41a3-8639-c40fe3564e1c
Marcus,Reditt,2009-08-18,Male,mreditt9@flickr.com,223d25ca-0e1c-4a8a-8fe1-7c0a7290ac88
Tedi,Trendle,2015-11-22,Female,ttrendlea@com.com,a628e22b-b5b3-48ce-a43c-0267b750f779
Bethanne,Ancliff,1981-06-11,Female,bancliffb@microsoft.com,6cd64e8c-dda5-44f1-97b4-d690b3f019cb
Nap,Chilles,1963-06-18,Male,nchillesc@mtv.com,96717c05-945a-4fdc-9e6d-0d64b1e42ea5
Hedda,Chieze,1977-10-14,Female,hchiezed@marketwatch.com,f94d5f83-d681-43b5-b45e-48d4fd262fa9
Jolee,Georgeon,1958-10-25,Female,jgeorgeone@dell.com,c35384f8-bdcd-43ac-841c-d967e8daaf8a
Wolf,Gommey,1965-03-03,Male,wgommeyf@geocities.com,2fedcc28-2381-45d2-bf0b-5e2d6d112ccc
Annalise,Monger,1984-05-25,Female,amongerg@shinystat.com,6e62abba-4124-41f3-b7d5-222dec77b080
Etienne,Goodison,2006-05-18,Male,egoodisonh@cbc.ca,129f4f4a-60d8-4098-989c-759f9ae44e93
Euell,Wilce,1968-01-29,Male,ewilcei@parallels.com,adf40677-c80c-4294-9090-a7ebdcedafff
Leah,Widdop,1955-12-22,Female,lwiddopj@columbia.edu,79db43ce-ba12-484a-916b-c539fbcfb39b
Leoine,Kinson,1964-11-27,Female,lkinsonk@prweb.com,dbf1b82a-0173-448c-9e59-358861bae0f0
Ashely,Dawber,1981-12-27,Female,adawberl@issuu.com,117d515d-8d3b-4fea-86a5-fabb8e7e950c
Burlie,Hedde,1988-10-12,Male,bheddem@tripadvisor.com,62549179-ec4d-4a41-bc57-c7cd80f7e2e6
Elmo,Riccetti,1972-01-27,Male,ericcettin@naver.com,b829948e-d1b9-4d2a-88b4-4540b546dd0b
Morris,Sproule,1993-12-29,Male,msprouleo@cbc.ca,122197fc-a4d5-4c51-8f82-a910bbadbe8e
Demetris,Josephson,2011-04-09,Female,djosephsonp@weibo.com,315bd7a9-83cf-4566-99e3-08cbdddc901f
Germaine,Avrahamoff,1998-06-08,Female,gavrahamoffq@surveymonkey.com,7b53ac73-2203-4d1b-964b-0f35bded8a01
Corby,Bankhurst,2014-11-22,Male,cbankhurstr@weibo.com,de9472ea-f718-4536-8cee-882522806afe
Roxi,Wotton,1958-08-14,Female,rwottons@imdb.com,7b9dd2ed-0feb-4e8a-ba46-1bcad48e277a
Kit,Hummerston,1950-04-07,Male,khummerstont@hud.gov,7b23878d-0458-4715-bfce-b6b3ad92b98b
Godart,Zisneros,1980-06-12,Male,gzisnerosu@drupal.org,13019071-f870-4c95-a2ce-5ffaeaaaeb3b
Rodrique,Heditch,1968-07-21,Male,rheditchv@fc2.com,4331045c-2ce3-4d9e-bedf-ba4689673da8
Justinian,Tiltman,1995-07-12,Male,jtiltmanw@surveymonkey.com,881775fe-883b-4cef-a6d1-6216f57e30d2
Arvy,Pullin,2010-10-24,Male,apullinx@mysql.com,804be26f-077f-43e1-ae64-455f3d9f7750
Elfreda,Rockingham,2013-04-14,Female,erockinghamy@pen.io,30316584-193e-4fba-bda0-f0f49014afca
Elvira,Sambell,1989-07-28,Female,esambellz@netlog.com,86e1b289-9754-470a-928f-3b646636a3f2
Eleni,Tegler,1979-01-18,Female,etegler10@spotify.com,836ef305-047b-4114-841d-723f55988428
Frasco,Gentric,1963-09-10,Male,fgentric11@yelp.com,20f0ac2f-4c1d-4228-8e30-348a2240deba
Sheelah,Wickwar,1988-01-05,Female,swickwar12@lulu.com,9b96a2b4-e37a-4dc5-b1de-3a6d3f5480f7
Justus,MacCague,1987-05-10,Male,jmaccague13@geocities.com,1e75afdd-3976-45db-a798-b24783c19781
Catherine,Coaker,1974-12-23,Female,ccoaker14@constantcontact.com,b036369c-d706-4715-84f8-c9b8fad94965
Adrien,Coade,1995-07-05,Male,acoade15@yolasite.com,8250a5ce-6afd-492e-bd83-0983e079c9a0
Arliene,O'Cannavan,1971-05-17,Female,aocannavan16@addtoany.com,2bb55073-008e-4a8f-9b3b-7eb0f9f2b803
Cindee,Kilbey,2009-07-19,Female,ckilbey17@ibm.com,42a60ee8-a9ee-4b5b-a458-30bbc62b06f4
Cornelia,Hallows,1992-07-20,Female,challows18@oaic.gov.au,37d7713a-d8b1-4dad-92a9-09e6911fae0f
Isidor,Whitland,1983-05-20,Male,iwhitland19@privacy.gov.au,4c1b2658-a16b-4bfc-be60-b4ff703a12ef
Kingsly,Corderoy,1979-08-01,Male,kcorderoy1a@aol.com,43f9b73f-f488-440e-99cd-5f4a856314ef
Alyss,Dyhouse,1989-04-25,Female,adyhouse1b@oracle.com,9c7040a8-5446-4372-8321-2b56e4e007b9
Sergeant,Biles,1986-05-01,Male,sbiles1c@free.fr,004ad4d6-cddd-423c-a120-7432049364b7
Shalom,Dethloff,2002-12-07,Male,sdethloff1d@lulu.com,7e10b67e-155e-4259-a058-c4cbcc8b102c
Hastie,Daskiewicz,1953-09-25,Male,hdaskiewicz1e@ca.gov,55b2fb5a-652b-4c3a-933a-036395c06858
Ermin,Towe,1950-03-19,Male,etowe1f@unesco.org,8e8ced26-bfa9-459f-bcb7-4f7c4c83b7f1
Minnnie,Gibbetts,1957-01-02,Female,mgibbetts1g@wisc.edu,2ac590f8-7c33-4da2-bdfa-b0ba72ab0680
Pepito,Stratten,1951-12-12,Male,pstratten1h@chicagotribune.com,94fe8593-c434-46bd-b8a3-ea9694739910
Giffer,Sloss,1966-12-05,Male,gsloss1i@deliciousdays.com,e438b493-6280-452a-a6f2-f79e12985a19
Eloise,Puddle,2007-09-19,Female,epuddle1j@1und1.de,28815f72-b80a-4370-b9cf-132f95397d6d
Colleen,Lace,1969-01-21,Female,clace1k@sfgate.com,415553fb-4f45-4499-9555-1b3b5be08061
Godart,Ritzman,2015-12-26,Male,gritzman1l@google.ru,b7246511-3c2d-42c6-a95c-24e73652a8ed
Dasi,Brayshay,1969-07-13,Female,dbrayshay1m@deliciousdays.com,30c67b98-66dc-4374-b2ff-3dc646a86c24
Alonzo,Caulwell,1959-03-14,Male,acaulwell1n@weather.com,853098f9-db95-4d24-b417-7ab3afc03766
Kenny,Cisson,1988-04-16,Male,kcisson1o@4shared.com,2a576ab9-6c7b-474e-916a-f5831de09ce7
Giselle,Scanlin,1966-03-31,Female,gscanlin1p@hatena.ne.jp,af461ac2-552f-41f0-97e0-1f2cdcdd245a
Hercules,Cozins,1970-10-09,Male,hcozins1q@over-blog.com,aa91fd28-45c7-4103-a675-02328323a13e
Boy,Frickey,1965-06-01,Male,bfrickey1r@themeforest.net,69f5172b-ae47-4072-a218-3aea011c0288
Janenna,Livesey,1988-10-12,Female,jlivesey1s@instagram.com,ef5150c6-93a3-4b87-95a2-9cb5c42d3469
Gustavo,Revance,1996-03-24,Male,grevance1t@netlog.com,1de297cc-9c85-450d-acac-8c5c58ddba33
Llywellyn,Markussen,1988-03-25,Male,lmarkussen1u@purevolume.com,a12b42ec-2bb0-478f-bb29-03a7c027113f
Chery,Feehely,1964-06-22,Female,cfeehely1v@wordpress.org,d134df7a-ecfa-4d77-ac20-2ac1b1748086
Elwyn,Legrave,2014-04-06,Male,elegrave1w@typepad.com,711556c3-5a04-4af7-9640-f3ea37d4e2b4
Wilie,Seadon,1963-03-18,Female,wseadon1x@wix.com,414e9319-913c-4d2c-b5f5-cd33774ef170
Janela,Wevell,2019-05-12,Female,jwevell1y@google.cn,012ed56d-a447-4595-a7fb-d70c8b427280
Asa,Burlingame,2000-09-08,Male,aburlingame1z@hugedomains.com,5ec20cdb-242f-4295-8ad6-56d0daad8d9a
Marijo,Mapholm,2010-06-07,Female,mmapholm20@xing.com,301107a9-c6f7-4a31-beeb-fbbb1b38e4ab
Seline,McDade,2013-10-16,Female,smcdade21@amazonaws.com,3919e0ac-e474-46ee-9d14-a5bb002b52fa
Keefe,Finlason,1999-08-15,Male,kfinlason22@disqus.com,5d518f5b-c995-4e4e-b19e-78e0a7364b1c
Bradney,Ginsie,2014-04-24,Male,bginsie23@fotki.com,4c7bfba1-6e2d-4896-aa8a-d95fbcc5f77e
Carmita,Byres,1963-11-21,Female,cbyres24@bbc.co.uk,3b662cf6-1c73-41e4-b188-a87e1e1903b7
Roscoe,Chyuerton,1951-07-24,Male,rchyuerton25@columbia.edu,681e75a4-cf6e-4b98-8e27-ada228faf95c
Desmond,Judd,1953-10-14,Male,djudd26@google.ca,4b12283f-f75a-4515-a6b5-644523f090c9
Hayes,Monckton,2014-11-20,Male,hmonckton27@icio.us,f36f82f2-6d9b-4328-aca3-904310dd623d
Dewey,Proudlove,2002-11-03,Male,dproudlove28@istockphoto.com,602f55a4-252e-41a3-99cb-2d2b552abe6c
Muhammad,Maunder,1999-10-07,Male,mmaunder29@cpanel.net,33d836a3-d15d-409b-a257-883a978dacde
Lauree,Skitt,1979-04-30,Female,lskitt2a@studiopress.com,5e6a57ad-7607-4d56-9281-585a8a142f68
Jennilee,Strooband,2016-12-02,Female,jstrooband2b@bbb.org,cd02c00d-b2e1-459c-9571-1dbc224c88b7
Ezekiel,Ivermee,1983-10-24,Male,eivermee2c@huffingtonpost.com,158d02d6-945e-4107-bcde-c9ca1d88cb3e
Tristan,Golthorpp,1978-03-30,Male,tgolthorpp2d@smh.com.au,33cda633-995e-491b-ba7b-a27b9f7c6325
Humfried,Dwyr,1978-01-31,Male,hdwyr2e@photobucket.com,d654a5ed-3d5b-4684-8cc6-e95621e93f09
Ericha,MacGinley,2006-11-13,Female,emacginley2f@alibaba.com,6b76a786-08ea-427b-93d8-f72639a82156
Ralph,Jallin,1995-11-11,Male,rjallin2g@xinhuanet.com,1665c826-b064-497e-a406-e0fa35b8d9c7
Sapphira,McCahill,1969-08-16,Female,smccahill2h@zdnet.com,ee1e48b7-dd30-4e4d-99c6-854d7679772e
Rusty,Puckinghorne,2004-12-07,Male,rpuckinghorne2i@disqus.com,58e200d9-b0a2-4162-9380-9dd039db217d
Galvin,Mabbett,1954-05-14,Male,gmabbett2j@dropbox.com,eaf2012b-9fc6-48b8-bac4-288bccb9b575
Adelind,Kingscote,1976-02-06,Female,akingscote2k@tmall.com,b05c09ba-59f8-432a-9582-fe290d0d91ab
Preston,Christofol,1973-06-24,Male,pchristofol2l@disqus.com,049da463-936b-46ae-b16c-1f700815edbb
Hashim,Beazley,1992-05-13,Male,hbeazley2m@domainmarket.com,7d7f6cdf-4c13-4d38-88dd-959629951b42
Brade,Asee,1975-07-22,Male,basee2n@blogs.com,fe4973a3-27c3-47da-a2a2-2588684e118e
Robinett,Treamayne,1996-11-30,Female,rtreamayne2o@dedecms.com,527f57de-2a95-4cc0-88a6-829a59ccad6e
Meier,Arend,1997-12-11,Male,marend2p@flavors.me,32ded544-566b-47e3-be27-2f74973faf63
Tracee,Nuttall,1993-08-13,Female,tnuttall2q@icq.com,75faf505-e586-4c07-9a64-6a4426a100bc
Madel,Goly,1962-10-08,Female,mgoly2r@dmoz.org,ac44f21a-b76d-4c5b-bef8-cbcd7f5215c1
Aggi,Mayell,1965-04-04,Female,amayell2s@google.nl,347582fe-3c71-4114-9c4d-feb76bee207c
Hetty,Fenelon,1954-12-15,Female,hfenelon2t@hugedomains.com,b7e05532-cefa-4f6a-b2ef-b937c571e876
Cora,Blencowe,1950-05-17,Female,cblencowe2u@cbc.ca,0c6ed8e5-e907-47f3-800a-5d443b12fb9d
Marlene,Pavelka,1993-12-23,Female,mpavelka2v@unc.edu,22011d0e-3103-40a3-b142-b2c2c2ea59b6
Reese,Castell,2005-07-16,Male,rcastell2w@opera.com,8973e8fe-7fdc-43bf-a8c8-5422695cb902
Luca,Hurnell,1955-09-11,Male,lhurnell2x@google.es,2874eb99-b78c-4965-aec5-6d3640f19fd6
Ganny,Millthorpe,1989-11-01,Male,gmillthorpe2y@youku.com,639515d7-cc93-4955-ba6d-e136948eccfa
Georas,Gricewood,2000-02-12,Male,ggricewood2z@123-reg.co.uk,15db9ad7-67a3-4df7-8841-7d606d66a875
Jemie,Lunk,2013-03-25,Female,jlunk30@nature.com,a99a3582-e841-4d94-b087-a343f560afd3
Aurthur,Kreber,1993-02-23,Male,akreber31@indiegogo.com,c98dbe0e-210b-429e-879e-dfdf7ffd7f87
Deane,Carluccio,1995-04-05,Male,dcarluccio32@tinyurl.com,60b45886-44cb-4338-a63e-c0d89e6b378a
Vale,Blackaller,1951-08-17,Male,vblackaller33@indiegogo.com,63ac065a-1299-4e29-b32a-32a198b1dffb
Fleurette,Barron,2012-02-06,Female,fbarron34@a8.net,bbbe9ab2-f213-439f-8fdb-55613c61c411
Arlana,Creedland,1964-05-11,Female,acreedland35@admin.ch,1159fd16-26c3-48d0-af32-a45a55370331
Bank,Jeannon,2000-06-18,Male,bjeannon36@wikispaces.com,174cf449-a7eb-4bd0-97af-7bf9c3de1c9b
Ethel,Fann,1957-12-26,Female,efann37@purevolume.com,d28af17c-f729-4b15-bbd2-8213ff28c62d
Hallsy,Zanotti,1954-11-19,Male,hzanotti38@t.co,410da413-3480-4253-b058-675b300c98f4
Garth,Windle,2016-07-02,Male,gwindle39@livejournal.com,0cb1787b-5a43-4bf1-8573-c54dc0eae1e5
Lelia,Hatchman,2017-06-15,Female,lhatchman3a@paypal.com,2192e616-7f25-4c1e-b261-0ec87fffdeb1
Catherin,Desport,1955-10-16,Female,cdesport3b@squidoo.com,c8714660-5bdf-41ca-981d-e924a6c48f85
Bartie,Klemps,1973-09-07,Male,bklemps3c@ycombinator.com,dba6aa8e-9f02-4937-b010-295434a26009
Maje,Bearcroft,2018-08-22,Male,mbearcroft3d@slideshare.net,17873a13-1293-4c3b-97b3-219ff863bbb4
Myrta,Coners,1990-06-18,Female,mconers3e@buzzfeed.com,b6081228-fd36-4cdd-be4d-a5fb7ca36b6b
Kiri,Roust,1962-12-14,Female,kroust3f@de.vu,719e3b55-2c50-4681-9ce7-9730c1f06e83
Boy,Dreigher,1960-07-02,Male,bdreigher3g@homestead.com,f439f038-15c4-4d98-9985-81a44bd41751
Vito,Drinan,1958-04-26,Male,vdrinan3h@apple.com,5af68e09-94c8-4b57-bacd-364856c039ec
Dav,McAlpin,2019-08-25,Male,dmcalpin3i@blog.com,c81f22f0-2e94-4741-bfd4-38d4b231ea00
Suki,D'Onisi,1995-01-27,Female,sdonisi3j@hexun.com,6c5925d9-7a32-4383-92a6-b7aecad5081c
Eli,Shiliton,1972-08-30,Male,eshiliton3k@hp.com,8883bed5-3784-4862-a8e3-f1aa90cd2a4a
Mersey,Iwanicki,1998-06-04,Female,miwanicki3l@squidoo.com,dbdd3af3-4ab0-49bf-88a3-5c956f16486e
Ardyce,Ghelardi,1962-06-01,Female,aghelardi3m@addtoany.com,2f5b3562-21c1-413c-8b58-156a8bc24093
Morse,Martynka,1991-03-03,Male,mmartynka3n@guardian.co.uk,0bd7efde-7083-485a-8897-8e4ba2f62aff
Lynna,Tattam,1981-01-07,Female,ltattam3o@prlog.org,33f010a3-a33d-49b2-b7c6-a3fa994c77a9
Olive,Littlewood,1996-04-29,Female,olittlewood3p@squarespace.com,5b1f44a2-9a90-42b3-908f-0c624eb8e563
Dan,Durning,1993-05-16,Male,ddurning3q@drupal.org,88a86a60-1f37-4026-82eb-16955b67d55d
Fionna,Muckeen,1952-05-21,Female,fmuckeen3r@ucla.edu,81fa82f0-5da2-4469-b9ac-5b16db143ceb
Jedd,Windram,1967-11-15,Male,jwindram3s@fema.gov,36424d9f-0e1f-4fe3-9da2-e3ef97867225
Auguste,Giacomi,1970-04-24,Female,agiacomi3t@bigcartel.com,96d14b9d-4b3a-459b-900b-7804c8c1afae
Merrili,Quarless,2002-03-24,Female,mquarless3u@posterous.com,630f2624-a4a4-4db1-9318-06e4c0c034da
Adorne,Whieldon,1980-10-27,Female,awhieldon3v@themeforest.net,d4cfe762-6fa5-4a15-a276-62c32232034d
Maura,Pasmore,1951-09-08,Female,mpasmore3w@blogspot.com,5f2b25ed-b6d3-42f6-bd26-c39b740783c7
Cobb,Griggs,1980-02-21,Male,cgriggs3x@home.pl,190d8d4b-0581-41b1-80ab-9bf35986ec63
Benson,McHan,1958-09-04,Male,bmchan3y@elpais.com,64ef2a22-a088-4a3c-a2ce-8197dedb4202
Sarina,Hadlington,2012-08-18,Female,shadlington3z@bigcartel.com,4832465f-592d-416b-aae0-00f430957253
Josee,Tanner,1968-04-29,Female,jtanner40@guardian.co.uk,cc50c68f-bb42-4926-8033-3276c8b71568
Dulci,Perri,2009-10-07,Female,dperri41@arizona.edu,e3103d28-b928-4ee7-a4c5-f3d3f32a2e3c
Hunfredo,Thornebarrow,1950-10-24,Male,hthornebarrow42@skype.com,e4bb8a9e-7ce1-4cdc-9f9d-074eb98f58ff
Dolly,Ors,1986-04-27,Female,dors43@digg.com,50653755-d1a0-4c39-ad19-5181b9284030
Elaine,Halcro,1984-02-03,Female,ehalcro44@creativecommons.org,e2288501-35cc-4032-8578-c9f81ffe7f58
Kristel,Riggoll,2018-03-14,Female,kriggoll45@opensource.org,c08f8223-9ca0-48f8-bd62-ece8a6837b9c
Trenna,Wardel,1976-02-14,Female,twardel46@ustream.tv,62853017-ad39-44d9-af85-c0e1adf907f0
Sharon,Pott,2011-06-22,Female,spott47@mayoclinic.com,4038dc0d-6fe4-47a2-a130-d53b3d1481a9
Hewitt,Ledford,2017-02-26,Male,hledford48@yelp.com,1743f06c-ef59-4b25-bf6b-5d4e4dc67116
Franny,Bullar,1999-12-18,Male,fbullar49@examiner.com,67701398-78bd-4c94-be88-e7529cc4204d
Darb,Cannings,1996-05-10,Female,dcannings4a@cloudflare.com,103c2bde-bf74-4412-b450-d25d4465d621
Murvyn,Collibear,1956-02-21,Male,mcollibear4b@dropbox.com,d3ce7666-ff4a-4491-9f93-b03b3884f8d7
Nikoletta,Matches,2000-07-15,Female,nmatches4c@studiopress.com,b814fc6e-78de-43ac-b77a-4b7997bc5988
Correna,Garthshore,1986-12-18,Female,cgarthshore4d@who.int,b544150e-1e69-4039-889f-1511d52fdcfe
Genvieve,Shearman,1970-05-21,Female,gshearman4e@cocolog-nifty.com,789a32d0-7ae0-4149-8c01-073e10a37410
Kippy,Guymer,1972-03-01,Male,kguymer4f@google.it,4dbc1051-a3fb-428f-9c3e-a85b347a4927
Gib,Dalgarnocht,1957-02-23,Male,gdalgarnocht4g@sina.com.cn,ca05fce2-799b-4bea-b80b-6421a0ab0003
Wylma,Measures,1974-03-20,Female,wmeasures4h@i2i.jp,247348d2-1ec1-4f57-aeed-2d013c2a97d0
Augusta,Bockings,2012-03-27,Female,abockings4i@uol.com.br,61fbd7f3-8594-42e6-b8b1-7794cb3a1b52
Ronna,Frowing,1974-08-14,Female,rfrowing4j@seattletimes.com,0bdd029f-9bbc-49ee-a9c1-9aceedb24a83
Annecorinne,Allison,1983-07-11,Female,aallison4k@hhs.gov,c2572213-907b-4e50-8e6c-8154233befb2
Dunc,Tiner,1977-10-29,Male,dtiner4l@gravatar.com,d37aa559-8ddb-4917-a861-4b94fe6f299f
Franky,Petranek,1971-01-25,Male,fpetranek4m@pagesperso-orange.fr,a96c6344-8a4d-4fee-acba-d046e829e9b0
Charil,Goldstone,2014-08-21,Female,cgoldstone4n@addtoany.com,0570caa8-c7c7-447c-bfab-e588260c2a5b
Roderick,Moughtin,1977-10-19,Male,rmoughtin4o@tiny.cc,921a32c0-4c74-4fcc-b200-6d1ce1a633c3
Danya,Woltering,1998-02-25,Female,dwoltering4p@twitpic.com,ef063959-456a-4841-b35b-4aef3b123b12
Freddie,Bruckshaw,1979-05-03,Male,fbruckshaw4q@gizmodo.com,a954bb6e-b416-4440-adad-60b8711777e7
Bridgette,Lowdham,1961-12-29,Female,blowdham4r@miibeian.gov.cn,904f26a3-e10f-4da3-9700-0ba0bba77800
Galina,Vokes,2011-12-19,Female,gvokes4s@nationalgeographic.com,f9447c56-58e0-4ecd-a1db-8f353ca3dce4
Lotta,Nucator,1966-09-26,Female,lnucator4t@uiuc.edu,7604844a-01c0-4da6-ba30-5323fb3a89fd
Camella,Euston,2017-03-17,Female,ceuston4u@nyu.edu,e9bcb6af-2ba7-4b1d-9c27-095e4f226791
Cletus,Mc Harg,1998-03-03,Male,cmcharg4v@cyberchimps.com,68cb7ae2-8ca2-4d2a-9139-13402078b085
Gusta,Szymonowicz,1980-06-23,Female,gszymonowicz4w@wunderground.com,c012952d-80dd-4203-8886-e0cec7961b36
Rivalee,Pepperill,1992-03-20,Female,rpepperill4x@unicef.org,7077db86-7523-4dee-a4e9-94c2ca308e1a
Glenda,Huckstepp,1951-10-23,Female,ghuckstepp4y@wikimedia.org,04ddcd46-6ea8-45c8-8c24-1ecb87bec67a
Charlene,Dyte,1976-12-28,Female,cdyte4z@paypal.com,95b1e450-2470-42d7-a05f-bbb2a9083290
Joyce,Beche,1968-10-19,Female,jbeche50@bloomberg.com,9ba5ddb7-ab7b-4841-b7f6-8ae0967e83c6
Nanice,Danilevich,1984-12-03,Female,ndanilevich51@pagesperso-orange.fr,4c652759-cb32-483a-af2a-df8c1966fcde
Calhoun,Sircombe,1950-03-18,Male,csircombe52@bluehost.com,1ce20e7c-f7f5-4dd0-ba9f-fc32ca622019
Ephrem,Baglow,1990-12-23,Male,ebaglow53@smh.com.au,0be26adc-e287-4dce-8735-28e5c5b2c143
Marcille,McKennan,2018-01-19,Female,mmckennan54@linkedin.com,ccb9f34c-07f4-46d4-a881-30c00591ea1f
Dukey,Knath,1966-07-28,Male,dknath55@jigsy.com,eb0ba6ef-f423-45ec-9005-f86de8b42343
Siffre,Gorrick,1998-12-14,Male,sgorrick56@webs.com,fc37690e-8faf-44a0-b41e-8d31a93699fe
Vassily,McCoy,2010-07-06,Male,vmccoy57@dailymotion.com,f99ece40-240b-4e20-841c-ec63900c4cb7
Marquita,Winslade,1996-01-02,Female,mwinslade58@elpais.com,b292bc2f-dbcc-4594-a1cc-e9b024cb2f8b
Quentin,Chambers,1966-05-05,Female,qchambers59@friendfeed.com,1294e445-766e-4655-bbf1-5b1fc62f4ffa
Margette,Rusbridge,2008-06-05,Female,mrusbridge5a@thetimes.co.uk,81c5280a-21d9-45c6-9192-159eb83a5311
Gabrielle,Siccombe,1998-09-23,Female,gsiccombe5b@who.int,10600284-f99a-40f2-a693-b1382d5bfe8f
Clive,Alishoner,2010-01-12,Male,calishoner5c@jiathis.com,192a7414-9702-4d9f-abbe-e8573b29d6a1
Vonny,Tripp,1988-03-23,Female,vtripp5d@state.tx.us,a3b8edd1-b294-48ef-a09b-83fd2e7a12c2
Maurice,McKenney,1980-03-02,Male,mmckenney5e@php.net,75ec8518-36fb-4c54-b6cb-a88a32bac648
Angelico,Hutcheon,2001-12-12,Male,ahutcheon5f@arizona.edu,bdf39342-db40-452e-b20c-0ae077692fe7
Broderick,Bielfeld,1960-06-28,Male,bbielfeld5g@prnewswire.com,7adae3e2-cd59-41bb-bb36-34241a2639f8
Konstantin,Feldklein,1986-04-07,Male,kfeldklein5h@va.gov,d3344482-c073-4f0e-a959-507d5aeceb3f
Garrard,Tomei,1973-12-26,Male,gtomei5i@ocn.ne.jp,c5d75737-2412-41a7-b1ed-8f3e24c77452
Brynn,Delos,2012-09-10,Female,bdelos5j@hud.gov,730d9392-987a-4816-859c-8fa42263cd7f
Felic,Spittall,1973-02-18,Male,fspittall5k@infoseek.co.jp,2949b6f6-0d4d-4ebc-8835-4e9c22b5d651
Paddie,Iseton,2010-11-06,Male,piseton5l@yolasite.com,ea2370e0-eed9-4de9-bb4a-955d69455b4d
Osgood,Hampshaw,2015-06-11,Male,ohampshaw5m@nationalgeographic.com,6e365645-b2d6-4908-9c21-7462080223ab
Valentin,Hartus,2012-04-10,Male,vhartus5n@google.cn,abad8ffb-cb93-4e2f-ad54-561f1091a15f
Tessa,Bowry,2018-10-18,Female,tbowry5o@simplemachines.org,3fc1208f-8c33-40b9-951d-8ccc689a046d
Granville,Carlyon,1994-04-03,Male,gcarlyon5p@ca.gov,b2c4e5ab-9663-4a36-b968-fe62b3f7b5e2
Kristos,Mablestone,1961-08-11,Male,kmablestone5q@nytimes.com,3d8cb46e-8c39-42c4-a4ff-51395695e3a3
Gianni,Du Plantier,1976-12-09,Male,gduplantier5r@mail.ru,51d34df4-1bec-4eaf-8736-ad3502e78354
Jarrad,Baglan,2020-08-23,Male,jbaglan5s@auda.org.au,72cbc0f5-1e33-4de6-9acd-dd490b9fca56
Adamo,Ffoulkes,1976-05-24,Male,affoulkes5t@lycos.com,4b77f27d-2854-4920-9206-dfb145bf4172
Tristan,Dayly,1964-10-11,Male,tdayly5u@addthis.com,e83cab27-73d8-4e9b-99aa-555d915013a8
Gray,Storcke,1982-05-07,Male,gstorcke5v@blogtalkradio.com,0033e9c8-1301-494d-80e4-e978cf7589c8
Herschel,MacKessock,2017-11-10,Male,hmackessock5w@paginegialle.it,69d9ffbe-a30a-4e10-a337-1397a6e9726f
Sosanna,Rough,1977-09-29,Female,srough5x@fda.gov,53d0305e-e4b5-4eb4-a6f1-ebf759765994
Ula,Cromett,1988-12-17,Female,ucromett5y@symantec.com,a5c01215-f3e6-4ae4-b18c-934687bfbdfe
Alessandro,Eloi,2001-04-08,Male,aeloi5z@smugmug.com,3c8a81d8-b953-4567-a123-82d870637d98
Georges,Mellenby,1988-03-26,Male,gmellenby60@ustream.tv,f1ed95b6-b8a3-47a8-89cb-9c141cab8a92
Lindsay,Veck,1985-08-08,Female,lveck61@ocn.ne.jp,c1700cc4-efc6-4e08-9eef-fe4b4b10c63d
Kalli,Whitworth,1969-07-11,Female,kwhitworth62@acquirethisname.com,8d949ca3-10c3-4764-8fb2-42dc63903a3c
Maisey,Millington,1979-06-26,Female,mmillington63@over-blog.com,ee4477f7-746d-4d6d-ae6d-af2fc3908302
Blanch,Rudinger,1950-03-09,Female,brudinger64@t.co,dfb2ed7c-5cd2-45d4-88e8-aff1564c4254
Shurlocke,Tuohy,1952-09-21,Male,stuohy65@globo.com,a83f6350-0dac-43db-9c06-6853e6ae5df2
Alejandrina,Masic,2016-05-27,Female,amasic66@is.gd,cea9d040-9696-4c7e-bf6c-0e73894db6d7
Amelia,Freestone,1988-01-11,Female,afreestone67@independent.co.uk,412f02ed-93c2-4613-958d-29c57fc414e3
Vergil,Tillot,2002-07-05,Male,vtillot68@google.de,b367dea1-e846-4487-8b8f-13ef35161ed6
Damiano,Strotton,1994-08-07,Male,dstrotton69@fc2.com,caf3f83f-1a94-4cd2-bf68-cd73e655bdf0
Gianna,Giacomazzo,1959-08-30,Female,ggiacomazzo6a@taobao.com,1fb1da11-7a70-40a7-8e95-792b3ae86fdc
Frederick,Sneden,2005-12-20,Male,fsneden6b@npr.org,c5b33756-6876-47bd-9122-fa71dcbb504b
Fabe,Giamo,1958-01-02,Male,fgiamo6c@skyrock.com,b4befd98-3a3f-4ec8-8c66-db4715f93e64
Trace,Philippart,1982-12-20,Male,tphilippart6d@disqus.com,37f54f76-ac34-486e-9769-38c70723d650
Stacee,Reder,2007-05-25,Male,sreder6e@rambler.ru,f85dd63a-a27c-4df9-a666-693e54a4336d
Charlena,Leason,1973-03-14,Female,cleason6f@yahoo.co.jp,a4f7ec98-e569-423b-903f-e7f6e32ea984
Rita,Garbar,1975-12-08,Female,rgarbar6g@webmd.com,17ca70b2-3340-44d3-bc82-4f985144e0e4
Chiarra,Stiffkins,1952-11-10,Female,cstiffkins6h@rediff.com,cc5c5863-6984-4407-886a-ba6b5a7843e5
Heath,Luxen,2020-07-02,Female,hluxen6i@mapquest.com,239c1eb8-67c1-42e5-814b-b9e68d26005c
Babs,Germaine,1952-11-11,Female,bgermaine6j@noaa.gov,cc055b46-db92-41d1-912e-dbe9d6c5e5ef
Issy,Seymer,2012-07-01,Female,iseymer6k@home.pl,2c2e6450-4203-4ef3-993a-797b6b44ce50
Lyssa,Whewill,1964-09-24,Female,lwhewill6l@constantcontact.com,88ecb7e7-8e67-473c-accd-fa5101ed289f
Fiorenze,Malcolmson,1994-11-27,Female,fmalcolmson6m@economist.com,e12ba77d-73ac-4f4a-a099-41d4d6d90dd3
Justino,Allpress,1978-07-31,Male,jallpress6n@blogspot.com,1176e2c2-6cb5-4ebe-9fb2-b241b96e0521
Peri,Agott,2015-02-10,Female,pagott6o@biglobe.ne.jp,8399bb52-d776-404e-899f-71ea84ecb660
Filbert,Walklott,1966-05-07,Male,fwalklott6p@topsy.com,c24236a6-a3d0-44f8-a608-70aafbc00da7
Juliana,Durnford,1969-01-09,Female,jdurnford6q@nature.com,6aab7c64-8d1b-4d18-ae32-38d77b3e9230
Elyse,Bjerkan,1991-01-12,Female,ebjerkan6r@jigsy.com,9c5d4032-c61f-48a2-8f18-04b08c5ea544
Mikey,Meys,1971-11-02,Male,mmeys6s@jimdo.com,46275d48-ec63-40b6-af11-f6b92ecac889
Willem,Sheere,1982-08-21,Male,wsheere6t@shareasale.com,7e685df0-71ad-4aa6-be35-ad0cd8c1082a
Othilia,Gives,2015-11-26,Female,ogives6u@wikipedia.org,565cb54a-3d3c-4baa-99c0-2b300cb43a7b
Gill,Laughton,1992-07-04,Female,glaughton6v@google.ca,67b0cdcc-f3ac-46a0-a255-05dda899c18e
Eward,Biford,1985-05-07,Male,ebiford6w@altervista.org,96d0f451-b52c-434f-a9cd-c58efc4b6802
Florrie,Corkel,1972-08-12,Female,fcorkel6x@ca.gov,483bae76-7ae6-49d9-bac5-c60f8e12f02c
Pammi,Sapp,1976-01-24,Female,psapp6y@qq.com,8d606cf3-cd11-40b6-80ba-a5fd5b3b0e07
Hallsy,Searles,1992-03-20,Male,hsearles6z@posterous.com,ff00ad4e-485e-49ef-8cdd-24018971bf97
Damara,Mathiassen,2019-04-05,Female,dmathiassen70@utexas.edu,d4ea23e9-f5a2-4f63-a58f-6ebfbb920f06
Yulma,Rolfe,2013-12-15,Male,yrolfe71@goodreads.com,1dbc204f-96e5-4bf1-a209-ec187546716c
Billye,Pavlishchev,1982-02-03,Female,bpavlishchev72@chicagotribune.com,0baca402-98f9-4222-9b02-2a0d7907ae43
Giuditta,Gyer,1972-01-24,Female,ggyer73@creativecommons.org,758888a0-3fb1-4dcb-8a08-8e3d5d84f256
Nariko,Kruschov,1994-04-22,Female,nkruschov74@java.com,4858d294-ee60-482d-a391-e8f090162874
Raymund,Arsey,2013-03-23,Male,rarsey75@boston.com,d7ce0ce7-caba-4cfb-8654-03c18226de3c
Parrnell,Legen,2002-01-26,Male,plegen76@weibo.com,e67efcca-915d-4aec-a385-115a7b06f797
Ashbey,Mildner,1981-04-07,Male,amildner77@cbslocal.com,fdbb94b5-38a2-4e11-99b3-6ad356ef72a2
Stillman,Paye,1974-07-07,Male,spaye78@scientificamerican.com,c8d3a3fd-2ad3-405f-a79c-95bc9ae04fcf
Sanford,Roebottom,1996-10-13,Male,sroebottom79@msn.com,82bd2ff9-62de-4c6e-aba4-fec26f622380
Camel,Challenor,1994-01-27,Female,cchallenor7a@jigsy.com,74966341-6db2-4298-bda4-033654967482
Birgitta,Margetts,2007-02-18,Female,bmargetts7b@de.vu,0f61791a-bb04-423a-9fb7-01a0c722628e
Marj,Chaize,1994-12-13,Female,mchaize7c@istockphoto.com,7356c5fa-c25e-4bae-b71a-8964b8c3a292
Nessi,Mac Giolla Pheadair,2004-02-04,Female,nmacgiollapheadair7d@forbes.com,393cf43c-b8f3-41a3-9eae-09e1031b18f6
Baird,Venditto,1965-09-27,Male,bvenditto7e@youtu.be,feece967-608b-4329-a783-07b26504db64
Giordano,Elsmore,1993-02-14,Male,gelsmore7f@ed.gov,8b16f9ff-3339-4875-aab9-5d4dbd3646da
Pembroke,Deeprose,1964-06-04,Male,pdeeprose7g@biblegateway.com,20952b1a-f6dd-4d95-9d7d-0c0bd669127f
Dewain,Cossey,1991-04-28,Male,dcossey7h@census.gov,5e13443d-5f11-47cf-a2cb-3eb741ccbeb9
Field,Sindle,1985-01-08,Male,fsindle7i@instagram.com,99d66021-990f-4da9-b6f8-2a9a56bb23a8
Valina,Brosenius,2015-06-10,Female,vbrosenius7j@quantcast.com,acc53150-c9cb-4db4-b74c-c169c9509eb9
Lida,Ousby,1980-01-23,Female,lousby7k@w3.org,7f2d8210-ce46-4ca6-a727-35aca413dd02
Marnie,MacGow,1971-12-06,Female,mmacgow7l@indiegogo.com,4e515d9e-ff98-4f57-b257-12b4756cfbea
Onfroi,Bowland,2018-11-19,Male,obowland7m@ow.ly,e3d55621-c235-4488-a2fa-ded6afede023
Kirstyn,Whisby,2000-10-16,Female,kwhisby7n@mashable.com,5bd8d81f-acdc-4fe1-9b82-537a274f0c7e
Thorpe,Botterill,2006-01-16,Male,tbotterill7o@discovery.com,0db8f8e9-f6af-4c2f-a7c4-c5d41b1cc13f
Packston,Du Plantier,1954-11-15,Male,pduplantier7p@people.com.cn,7cce38f0-33be-4b8c-8ab7-50abba88a974
Bette-ann,Bamforth,1952-03-24,Female,bbamforth7q@cloudflare.com,144d59f2-f966-4cdb-ae99-eadbe3ba3a7d
Gussy,Ghiraldi,1966-06-09,Female,gghiraldi7r@furl.net,1574f141-4b86-4149-b3cd-e74e13dd94fe
Terri-jo,Espinoy,1995-06-04,Female,tespinoy7s@npr.org,b7218606-8a81-49a5-bbc3-f34066199a01
Noelani,MacNalley,1974-08-20,Female,nmacnalley7t@google.com.br,aaa3face-4c20-425d-a144-1beffdb78f5f
Janina,Kilvington,2004-12-03,Female,jkilvington7u@cornell.edu,b8392b54-d499-45ca-81b9-ca3db570fa96
Marisa,Cutill,1955-06-10,Female,mcutill7v@mediafire.com,acb7f626-cafe-45b1-8404-964b5f59cb83
Ellery,Helder,1991-01-24,Male,ehelder7w@google.ru,7b97bd74-e97b-44ec-b34b-de8afb2e58f4
Sherlocke,Geator,1960-11-14,Male,sgeator7x@4shared.com,4cac15d0-1942-4f98-ad8b-4c7630d213d8
Aharon,Farney,1969-05-31,Male,afarney7y@miitbeian.gov.cn,844c97f7-c230-4b02-8bbd-b678683b520f
Henryetta,Bollom,1953-06-06,Female,hbollom7z@mapy.cz,903a1ebc-83b7-4696-acc3-39ab18d905da
Alfi,Hafner,1994-09-05,Female,ahafner80@amazon.de,d9844b4e-722f-4a5b-9181-735ea23cd5da
Margalit,Stuther,1993-03-29,Female,mstuther81@people.com.cn,f5fb3f99-feaa-4e4e-b9f8-7ee174c6192d
Jeremias,Wykey,1986-12-09,Male,jwykey82@nbcnews.com,34a422ed-b3c1-43e4-aae0-09b61e011e8d
Mollee,Calafato,2010-02-05,Female,mcalafato83@newyorker.com,f3f16712-9b3c-4af9-9dc0-f8a9ab94c477
Dyan,Patkin,1975-09-04,Female,dpatkin84@weebly.com,59cc801a-a143-4299-b75c-44b8f9fee6b6
Daloris,Drinkhall,2020-08-05,Female,ddrinkhall85@amazon.co.jp,8416c8c9-916f-46b7-8a9d-0b9baa2a691f
Jocko,Nabbs,1971-03-23,Male,jnabbs86@netvibes.com,66d256fd-de7e-4cfa-ad5a-f018bd681e68
Ali,Jeckells,1955-12-28,Male,ajeckells87@globo.com,38404820-7273-4bf0-9c1b-3bf0245dffd0
Inesita,Seyler,1986-06-07,Female,iseyler88@friendfeed.com,b18246c0-b146-44d2-b394-f2d04915c9fe
Marika,Boyles,1965-06-21,Female,mboyles89@newsvine.com,6dd58ec9-4115-4633-b073-6813a4ec0054
Johnnie,Haddick,1980-06-26,Male,jhaddick8a@latimes.com,f4c92db3-cc48-494a-b7d5-0a97237a0306
Grayce,Oley,1951-04-20,Female,goley8b@businesswire.com,42d4c960-423f-4826-b2c6-60ada765f8ff
Keir,Blondel,1997-03-06,Male,kblondel8c@howstuffworks.com,957bb4a0-0295-4d4d-a5ac-7c5790a16878
Karine,Arckoll,1994-03-17,Female,karckoll8d@redcross.org,76f4603a-1087-4018-bb33-13e9031135df
Clevey,Lewerenz,1986-03-13,Male,clewerenz8e@cnn.com,f13f0a3b-5b23-4bf8-abda-47608f893d89
Murvyn,Spracklin,2005-08-16,Male,mspracklin8f@usa.gov,8023387a-da44-4875-9e15-d1415a994b6f
Kaylee,Brech,2016-04-12,Female,kbrech8g@wp.com,5113fe3c-4c8d-4a68-b1fa-e6d6bd2e7793
Hadley,Portal,1997-10-16,Male,hportal8h@facebook.com,0001a16b-8985-4109-9935-4b5477bae128
Davy,Donnett,1962-10-06,Male,ddonnett8i@barnesandnoble.com,d564b303-1bf3-43b7-ad94-856150a038fc
Noble,Bullcock,1993-12-20,Male,nbullcock8j@devhub.com,9d96323a-b57f-414e-99b6-5d4440ce9be5
Sibyl,Armit,1979-03-25,Male,sarmit8k@lycos.com,e0965d35-0200-46d1-9e86-5b364cfb4b73
Patrica,Gingell,2000-05-12,Female,pgingell8l@youtu.be,bb6879eb-f7ef-46f2-8f9c-4ac4b46b47d3
Boot,Seamark,2008-01-24,Male,bseamark8m@mapquest.com,918c9864-a924-4318-906c-d21de2da577c
Demott,Shippard,2010-01-30,Male,dshippard8n@msn.com,5425e3fe-9075-4fde-b2df-94f85c047686
Edgar,Indruch,1993-04-01,Male,eindruch8o@woothemes.com,63c20cd1-cd21-473e-ae37-cfa6c2ab52bd
Janos,Otley,2010-12-13,Male,jotley8p@bizjournals.com,621bbe58-2e4b-4777-b0f3-5024fa1968f1
Dennison,Upward,1968-01-13,Male,dupward8q@mediafire.com,b01534d3-0be3-4fb0-971a-3048326cc7c6
Paco,Galbraith,1995-08-20,Male,pgalbraith8r@bandcamp.com,cf04e069-2b0e-4b89-8087-4e53d036ecea
Mohandis,Abelson,1981-02-13,Male,mabelson8s@goo.ne.jp,920e11fb-be77-463e-8b11-94fd3e28205c
Hazel,Ovesen,1984-09-04,Male,hovesen8t@free.fr,3a959446-7677-4162-a0d8-f196702759f0
Leupold,Kendrew,2000-06-01,Male,lkendrew8u@g.co,4e007639-0647-4405-bc22-067497243b5e
Kaja,Maevela,2016-04-18,Female,kmaevela8v@blinklist.com,db0025b5-2d67-4674-a39c-021ad92ebdb2
Mallory,Able,2011-04-10,Female,mable8w@who.int,2ea1ccc7-fb56-4630-8002-d7ea223a9c01
Kirbee,Barfitt,1974-07-02,Female,kbarfitt8x@bloglines.com,f9ffe500-b861-4816-99bd-6b12877789ce
Clyve,Gwinnell,1973-11-27,Male,cgwinnell8y@purevolume.com,fbf904cf-bc57-421d-b41e-3b75555163b2
Osmond,Hucknall,1959-08-30,Male,ohucknall8z@sfgate.com,afc164c7-335b-48e4-890c-342b09273186
Yehudit,Rossiter,1981-01-30,Male,yrossiter90@columbia.edu,3ff4a91f-769c-4883-a37f-bfa11b9b74c3
Viki,Chittleburgh,1981-12-08,Female,vchittleburgh91@digg.com,fbdd9958-31cd-4b05-9718-022f41ac0f64
Yehudi,Shepherdson,1965-05-21,Male,yshepherdson92@paypal.com,eaa354f4-cf9f-46c3-bce8-ec7507ec371b
Joellen,Scarce,1990-02-14,Female,jscarce93@ifeng.com,26144fea-d7eb-497f-8b31-bc171fb0897e
Cassandry,Ronchetti,1999-08-26,Female,cronchetti94@bbb.org,04b2150f-78a7-4efd-ba24-b90306e6f910
Aylmer,Defew,2006-04-08,Male,adefew95@economist.com,e66a36a3-99f2-46d4-ac6c-2f81b49d5910
Clarine,Blondelle,1988-04-06,Female,cblondelle96@oakley.com,868a0e5a-93df-45b0-ba72-f3e0cacf406f
Stanislaw,Norfolk,1990-08-24,Male,snorfolk97@ebay.co.uk,e8f81c98-833d-4466-8e94-02d392f262d5
Clemmie,Pairpoint,1966-10-03,Female,cpairpoint98@buzzfeed.com,3312dc3c-5d9c-4577-99e7-f48101054704
Lorena,Skerrett,1996-11-13,Female,lskerrett99@g.co,6990a4dd-f639-484b-8297-67981bd3c418
Dorrie,Dispencer,1973-05-17,Female,ddispencer9a@ihg.com,1ec20c73-fd80-4801-aca8-f03ea18c464a
Lauri,Batson,2003-03-07,Female,lbatson9b@ox.ac.uk,986e3a68-8372-43d1-ad0b-b711afd40eb5
Gannon,Bransden,1983-01-18,Male,gbransden9c@webnode.com,e3f7623e-fb49-4948-80db-6ca2a2671d0f
Honor,Irvine,1951-11-04,Female,hirvine9d@vinaora.com,faa6f497-f50b-462e-9e05-c2a865c21a6f
Trey,Eggle,1954-04-18,Male,teggle9e@myspace.com,e41c411a-ea5c-4b71-96b3-2120b4f0e5c3
Raine,Rolfi,1955-04-11,Female,rrolfi9f@cpanel.net,6b2f749b-32a7-4f50-a2f6-1dc622ce1dac
Isadore,Conroy,1977-08-30,Male,iconroy9g@dagondesign.com,a5541c46-d10d-4b43-966d-a066fd7f805a
Noemi,Kuhl,1957-10-07,Female,nkuhl9h@newyorker.com,6be444f9-f85e-47aa-8d81-54d5440edf1f
Kellia,Thairs,2002-10-12,Female,kthairs9i@dot.gov,2211ae61-207f-4b26-b15e-5b1359d70520
Marwin,Wooler,1994-11-16,Male,mwooler9j@zimbio.com,af1c2ae4-f897-4b39-85d0-f0a486e91c34
Byran,Ottam,2020-02-12,Male,bottam9k@jimdo.com,f08269d3-74d1-4c43-a3f3-84d99a38874b
Alasteir,Wegner,1990-03-22,Male,awegner9l@example.com,bda7417b-cf92-4c52-a1cf-95103ea51b1b
Cosetta,Benson,1964-02-21,Female,cbenson9m@mapy.cz,7c74ca3f-2491-41fe-8742-536df1cc8acf
Marissa,Hinrichs,1951-11-11,Female,mhinrichs9n@princeton.edu,8a77de74-c2ee-42df-ac37-54a9296b9f30
Gwendolyn,Lohde,1960-07-17,Female,glohde9o@eepurl.com,b3ef5d20-b522-4027-8da6-56ca381f1632
Tuesday,Eannetta,1966-03-05,Female,teannetta9p@mail.ru,c6b6afa6-8bfc-4552-8410-357d56380d43
Kurtis,Strowlger,1960-07-19,Male,kstrowlger9q@cnbc.com,39c6b340-d7ed-41e6-91b5-92606fa692cb
Keriann,Beadle,1956-05-24,Female,kbeadle9r@acquirethisname.com,0728b14f-1e45-4aba-be54-1738f52c0a11
Freedman,Dunican,2008-06-04,Male,fdunican9s@cisco.com,726e39d2-d3b5-4b49-b559-1d22ac20657d
Regan,Paniman,1995-03-26,Female,rpaniman9t@tuttocitta.it,581f4dfe-bc82-427a-9e0b-6259f8cde43a
Glen,Eusden,2000-08-03,Male,geusden9u@technorati.com,f0a60475-79a4-49bb-acb4-afc49bc7ccf2
Ryley,Klausen,1972-06-13,Male,rklausen9v@cargocollective.com,5d69b2c5-905c-4122-b7c4-77bd97d6d95c
Libbi,Congram,1961-03-19,Female,lcongram9w@craigslist.org,f00e5e78-b893-4c3a-b9f3-cf746002647a
Stefanie,Navein,1975-06-22,Female,snavein9x@forbes.com,2e37a09d-4533-46f2-8547-73ec4aea7863
Antonetta,Mattschas,1977-10-31,Female,amattschas9y@bbb.org,d816482f-cfcd-4bd8-a85b-979b59cefef1
Orlando,Sheasby,2002-02-11,Male,osheasby9z@qq.com,fbf4ac08-112f-4753-b0cf-925e3d6f4a94
Rem,Jandourek,2001-02-08,Male,rjandoureka0@odnoklassniki.ru,49eb96a6-1c87-4690-88f3-263900351ff7
Courtnay,Blazejewski,2011-01-04,Male,cblazejewskia1@ibm.com,2e6130bd-a9e8-462c-8b97-d451604b1725
Afton,Shillum,1957-09-07,Female,ashilluma2@psu.edu,dc9cdc44-aa30-4ff4-924d-d76c871db60a
Mordy,Austing,1963-06-11,Male,maustinga3@a8.net,a26623ac-270f-41ff-827d-e8066c2cca7e
Adelheid,Marton,1991-10-21,Female,amartona4@sciencedirect.com,673a17e9-d318-4597-90ad-ccf84b5a1fb1
Gwendolen,Tezure,1953-10-08,Female,gtezurea5@storify.com,34673cfa-c6cb-4d00-a510-d7a2864b0b7f
Chris,Sighart,1985-04-23,Female,csigharta6@histats.com,702bd9bd-9903-4681-bf5d-cf75fc0f122c
Kendricks,Tureville,1991-02-28,Male,kturevillea7@cbsnews.com,8bd1813a-26c5-447c-8fa6-63f9a344149c
Amory,Geale,1954-11-05,Male,agealea8@wired.com,b1d7051c-e72a-427d-8027-33eb5f8fc2a5
Godiva,Swainston,1975-02-01,Female,gswainstona9@networkadvertising.org,ad7e92e6-5e99-4da4-a801-3ee930f61075
Nester,Culver,1987-08-28,Male,nculveraa@unc.edu,48f25380-ff26-4f5d-9511-8be34961c781
Bab,Leeburne,1998-04-08,Female,bleeburneab@sohu.com,8152c745-5211-4abd-9c21-ad2ee2a13bed
Heywood,Birch,2006-03-29,Male,hbirchac@wunderground.com,3f59ab8e-3ff4-4ad5-81ac-e9d286be4c08
Meghann,Healey,2001-12-21,Female,mhealeyad@4shared.com,aa296fc1-ed14-4e71-bba9-257945a8df83
Kathryn,Stanger,2000-09-27,Female,kstangerae@goodreads.com,f7954ff9-7482-485d-86c4-7304f4d58c96
Marcos,Bende,1950-12-04,Male,mbendeaf@com.com,bdc62886-3cb7-4cb8-8a5e-af1a54dcf93e
Simon,Craddy,2007-05-30,Male,scraddyag@usgs.gov,31030574-5c06-4862-8cc6-a4d6cba9edbc
Emmerich,Mosten,1993-06-22,Male,emostenah@shop-pro.jp,572527b0-a762-47e6-a78c-cd9ba83a3d72
Nevile,Coverlyn,2020-07-26,Male,ncoverlynai@marketwatch.com,92cb6164-c24b-44f8-80f8-0ec9373a8114
Em,Gianasi,1966-02-27,Female,egianasiaj@archive.org,49cb9322-0e4c-460e-ab88-126c6e960288
Sergeant,Renvoys,1971-05-06,Male,srenvoysak@moonfruit.com,fd62a702-46fe-44b7-87c4-b471725f3832
Pryce,Dymott,1963-04-07,Male,pdymottal@cbsnews.com,89eab21a-beff-41eb-95e4-656dc6bd6ce5
Lynn,Tottman,1976-09-12,Male,ltottmanam@imageshack.us,321cdf0f-909b-46e3-9729-4311fb26822c
Lorry,Offa,1967-05-07,Male,loffaan@sphinn.com,1cd453ac-78db-4292-9246-63bcf0902151
Cameron,Klauber,1972-12-17,Male,cklauberao@dailymotion.com,a7a36aeb-e718-405f-bcb7-293632dfd1f3
Philip,Ocklin,1996-05-06,Male,pocklinap@artisteer.com,cd0ce317-52e9-4a91-a50e-368904665088
Hugibert,Ashdown,1991-07-02,Male,hashdownaq@sina.com.cn,ff3c4e9a-03b3-4fae-807f-eb0cc56d3a44
Natka,Colmer,2018-12-23,Female,ncolmerar@ca.gov,da1259ce-d251-41dd-911a-8f1b763469b4
Antin,Newcome,1960-09-11,Male,anewcomeas@elegantthemes.com,ed22d429-550a-42de-af0f-743b3fba1247
Lilllie,Greedyer,1993-07-29,Female,lgreedyerat@etsy.com,adbd5518-ca74-40a1-b3e5-e7d2bd017333
Adel,Krammer,1952-11-18,Female,akrammerau@weather.com,f1108063-7c10-4937-bf08-6a7cb0c6fb79
Waldon,Raigatt,2019-06-09,Male,wraigattav@amazon.de,789676aa-35c3-4040-86ab-98b3c623a792
Ardene,Grzegorzewicz,1986-03-20,Female,agrzegorzewiczaw@google.it,a825eec4-a705-45f0-91f0-26b5d7bdf466
Faina,Courcey,2000-05-03,Female,fcourceyax@ft.com,43fae8e0-c172-45a2-84df-9200c822ce10
Lorri,Farrington,1991-02-27,Female,lfarringtonay@gravatar.com,4e5b24ca-6785-45f4-8aad-c6060c7a282d
Lanna,Collett,1993-07-10,Female,lcollettaz@hao123.com,c5580568-6522-4b98-bd7c-3af66d4139e4
Mellie,Raithmill,2008-12-08,Female,mraithmillb0@elegantthemes.com,8ab6cd82-395a-4ece-afb1-7ed2f70c7dee
Kettie,Orrobin,1956-08-20,Female,korrobinb1@latimes.com,a7738a40-4e50-462e-8b82-f27df57ceeaa
Monti,Iskov,1989-01-29,Male,miskovb2@home.pl,f274f0e0-7090-4c54-bec8-6e42f1b4046e
Rand,Hendrick,2000-12-18,Male,rhendrickb3@jiathis.com,a1627c1c-802f-4094-8295-5a18be19d847
Florri,Joslow,1990-02-10,Female,fjoslowb4@godaddy.com,56606e76-f57f-4810-ba7c-eec0359beb78
Woodrow,MacKaig,1986-05-26,Male,wmackaigb5@bizjournals.com,c4631b4a-54d9-48d5-b873-c61d23c77358
Myrtle,Tumbelty,2013-06-23,Female,mtumbeltyb6@wsj.com,c1d776c9-5fc4-4d3a-bb4b-26c5dcbcdee7
Lyman,Roelofsen,1951-04-10,Male,lroelofsenb7@printfriendly.com,c80ce48f-a3b3-47bb-9a77-3f7a65edd0c1
Allie,de Cullip,2000-07-18,Male,adecullipb8@biblegateway.com,231fbc0f-d53a-41a3-a4ae-47e925874f6c
Babbie,Haistwell,1954-07-03,Female,bhaistwellb9@unblog.fr,2e0136f9-0464-4bed-a1e6-ec25f765886a
Maxy,Clarae,2018-11-26,Male,mclaraeba@si.edu,bbdac31a-1ba1-44ae-881e-e9cd7ebd09cd
Cyndie,Selwin,2000-03-30,Female,cselwinbb@apache.org,7ad321a1-2a5f-4a37-a68b-e70b5ce2ce82
Melantha,Bonefant,1987-09-28,Female,mbonefantbc@indiatimes.com,9d0cc246-d932-4638-93f1-a9fc50c81d1d
Glad,Swindley,1950-11-13,Female,gswindleybd@examiner.com,87ff6102-9e51-4590-a16a-ad2ed2e173d5
Elnore,Balasini,1978-09-05,Female,ebalasinibe@imgur.com,c908aa32-51ca-4cc6-8f26-b0c881a241d4
Grannie,Parfett,2019-11-17,Male,gparfettbf@usda.gov,b29c49a3-71f1-4211-b18a-c8eaf05a93fb
Ephrem,Eannetta,1953-08-22,Male,eeannettabg@dagondesign.com,0b7b10d3-438d-43b1-9a94-fcf652726882
Minni,Coviello,1961-07-24,Female,mcoviellobh@utexas.edu,c932d8cf-c09a-4a60-a639-17b66a7f1d09
Leupold,Diable,1959-10-09,Male,ldiablebi@twitter.com,2dd0f46a-3128-4433-a18a-0c480be3b3f5
Jenni,Vassbender,1986-06-21,Female,jvassbenderbj@twitter.com,fcdd29dd-3015-4992-a5a1-17b1ad3c6ad2
Nickolai,Lovelace,1978-04-01,Male,nlovelacebk@wordpress.org,b41fb9a8-7383-43ea-846c-256cf5667bc4
Maible,Kubu,1998-04-06,Female,mkububl@comsenz.com,474a8280-bb64-4262-9cc3-1afdd12326e4
Emilio,Delgardo,2003-05-16,Male,edelgardobm@angelfire.com,5a175bb4-41d7-492f-9640-3a3d08434fd6
Conrado,Warsap,2003-06-19,Male,cwarsapbn@amazon.com,6e5f4e06-aed2-433c-8805-4afc693d7470
Kippie,Tompion,2003-06-10,Female,ktompionbo@php.net,eb0c8cf7-2eab-4c0c-aa32-9c6477455ba7
Bendix,Dallin,2002-05-20,Male,bdallinbp@google.com.au,4a2dce70-69d7-4797-8be1-7b7420737ea1
Steve,Jubert,1972-02-08,Male,sjubertbq@facebook.com,c1e154eb-a8bb-4390-9276-de8897f23f7a
Mercy,Tuohy,2000-05-06,Female,mtuohybr@upenn.edu,2303e46f-7e33-4cd1-ae32-b1f241e3863e
Maury,Alvarez,1973-03-10,Male,malvarezbs@samsung.com,8bf765eb-35c2-490a-a91b-304684ef25fc
Aristotle,Halstead,1950-04-06,Male,ahalsteadbt@earthlink.net,56ea9fc0-a434-4383-8f8b-fbf64ef58ad5
Tomi,Skellington,1995-05-02,Female,tskellingtonbu@nature.com,fda1d4aa-89a6-4f3d-9a7c-b27a3e3e2773
Ginger,Claffey,1954-04-17,Male,gclaffeybv@123-reg.co.uk,0398404c-d40e-4649-9ee8-425959f6fde1
Ingemar,Charge,2016-01-29,Male,ichargebw@narod.ru,aee63444-2e20-4d65-83c5-163f3d735882
Joshia,Rogier,1950-06-07,Male,jrogierbx@vistaprint.com,b242dd61-15ff-469c-89a5-4a9b60fcbef1
Der,Plaskitt,2017-01-22,Male,dplaskittby@cloudflare.com,8c603217-fb84-4a69-895e-c9fc97ab01fc
Junette,Glenn,1961-11-01,Female,jglennbz@geocities.jp,26fca043-0754-4f78-8720-d26aac16030c
Mel,Scorer,1975-03-20,Male,mscorerc0@globo.com,80b1c010-9da4-4824-b26a-07a2597cab6b
Benedikt,Haggie,2017-08-31,Male,bhaggiec1@uol.com.br,75347c2b-0c89-4e3c-88da-3357c3d7a95d
Verna,Shorto,1955-01-30,Female,vshortoc2@jigsy.com,4bf04074-16fb-4fe4-8948-8fb5748684cb
Cleavland,Croke,2017-01-10,Male,ccrokec3@edublogs.org,80177564-f7fc-466f-861b-be6f870a17f5
Rickey,Sineath,1983-02-10,Male,rsineathc4@china.com.cn,0760198c-cb92-4349-9180-922badc81a82
Nerti,Wheelwright,1992-11-22,Female,nwheelwrightc5@istockphoto.com,f7178259-6cd4-4edc-9207-5b523b1f9d7c
Leanora,Earlam,1993-09-29,Female,learlamc6@pen.io,5a7057f6-b5c0-4593-926a-aaffc8d5d9fc
Morie,Alenichicov,1985-10-20,Male,malenichicovc7@upenn.edu,bfc95523-ecd2-496a-a993-bd1e45a4e044
Nevile,Brockest,2000-05-17,Male,nbrockestc8@networkadvertising.org,32b9cf6d-bd5b-4684-a9a7-88e3b434f8e6
Paulie,Duplain,2007-04-14,Female,pduplainc9@weibo.com,21dbc2d8-0f6d-4c83-857b-1dc4ce80a3f9
Ricki,de Werk,1962-10-18,Male,rdewerkca@cafepress.com,7e1fb5a3-3385-4e4d-8e39-d1a1ae1698ce
Issi,Dursley,1989-11-21,Female,idursleycb@microsoft.com,1a2c1bc9-d97f-4c57-ab47-729284c768b2
Jonathan,Arias,1951-08-03,Male,jariascc@bing.com,8a254f3f-e038-4902-889e-e906e5129073
Geralda,Boykett,2008-02-06,Female,gboykettcd@illinois.edu,38c8a610-40af-4b2f-bfd6-6837f591e674
Darlleen,Peatt,1970-11-10,Female,dpeattce@independent.co.uk,d69e8ae0-0a9e-4c66-aa5c-919eb70850f4
Seymour,Graham,1988-01-15,Male,sgrahamcf@123-reg.co.uk,01cf4021-bb74-44cd-bb42-d211f6dbdd2b
Raffarty,Fouldes,1954-01-10,Male,rfouldescg@illinois.edu,f65c0c0a-f540-4879-8c83-4bcacb4c4cc3
Inglis,Stirling,2010-02-03,Male,istirlingch@google.pl,91ec006d-cbe1-4062-b392-644ef530f280
Catlin,Pryn,2015-03-16,Female,cprynci@feedburner.com,90837ee7-dda5-467f-b8eb-0f23d96b1f60
Ian,Astill,1987-02-24,Male,iastillcj@bloglines.com,36ce08a3-09ad-4dfc-a482-01a2f328fab5
Logan,Lindgren,2014-07-08,Male,llindgrenck@buzzfeed.com,ed4dc6e4-a8b4-4195-91bc-6017499f9761
Terese,Harpham,1960-11-24,Female,tharphamcl@godaddy.com,7c032919-eb52-4154-b8e1-3bf303ce2501
Ingra,Klein,1952-01-23,Male,ikleincm@bbc.co.uk,8ea32e46-1276-4cb8-9d2a-cfd9c451ac7e
Karim,Riping,2002-11-12,Male,kripingcn@telegraph.co.uk,e84ff16d-ab0d-460a-830e-d9863aeb518f
Elaine,Luparti,1982-07-21,Female,elupartico@miitbeian.gov.cn,62233118-7053-40c1-ae47-58458d82ad0d
Gae,Cherrie,1983-08-30,Female,gcherriecp@theatlantic.com,8a0f0588-1100-462d-9480-a26fb62d66ac
Mabel,Dewen,1989-08-03,Female,mdewencq@elpais.com,ceece3dc-981c-4871-8310-5a3197dc9c8c
Winifred,Beeke,1981-08-09,Female,wbeekecr@omniture.com,982d92be-017c-4874-9ae8-2231dcc20cd6
Donall,Yantsev,1975-03-22,Male,dyantsevcs@nytimes.com,e9e88bda-7e3a-45ce-affa-8c5d956431c8
Vannie,Galilee,1962-08-30,Female,vgalileect@amazon.com,e6cb68cc-45bf-4f8b-9e55-4cef3c041eca
Sven,Lloyds,1976-04-10,Male,slloydscu@pen.io,6c6c0cf7-ff93-42d2-82f4-6dbd9851c414
Graham,Dwelly,2015-08-15,Male,gdwellycv@discuz.net,25da3270-bc21-47c5-97c6-d54ccba8bd6d
Nathan,Matterson,1959-04-10,Male,nmattersoncw@businessweek.com,14eb0a18-9f50-4c5e-8301-546e8abadaa1
Atlante,Heart,1996-02-01,Female,aheartcx@scribd.com,511874a5-844a-4920-ae05-b7814d96d8ac
Geoffry,Huckell,2000-12-11,Male,ghuckellcy@reddit.com,7373b880-872e-43fd-9f9a-a9b6711ae5b0
Kain,Bambrough,1974-08-30,Male,kbambroughcz@unicef.org,4e0aeff4-5bad-40f4-b5cf-e8b6ea476b05
Sibley,Hazle,1955-05-28,Female,shazled0@sciencedirect.com,5e6e36d5-17b5-4d2e-983d-206bbafa97f9
Anabel,Downgate,2005-03-30,Female,adowngated1@domainmarket.com,b45942f8-8203-4ea8-8bdd-9fcba5173553
Glory,Flintoffe,1965-06-11,Female,gflintoffed2@chron.com,ed4a25f7-51d9-4512-9036-ad662fdd234d
Jodi,Ivanin,1952-02-07,Female,jivanind3@slate.com,78cb66de-bb43-42cb-941c-3b1bd45cabe6
Clayborne,Braney,1979-07-22,Male,cbraneyd4@newsvine.com,a3d5493a-6b6f-4b40-b8b2-971ecbe512a7
Dougy,Madre,1960-02-14,Male,dmadred5@mit.edu,f8350449-1062-47d8-b065-3bad4936ee30
Rachael,Couch,1992-04-25,Female,rcouchd6@discuz.net,dcbb9984-4886-4283-b835-675fcf50e03f
Mellisent,Drinkwater,2009-03-01,Female,mdrinkwaterd7@deliciousdays.com,a1c67608-2b0b-4572-b2b7-7260e1cc6c57
Cathrin,Broodes,1976-11-23,Female,cbroodesd8@reuters.com,ca5eef2e-815c-4810-854b-ee61bd0a20e5
Damiano,Amburgy,2009-04-20,Male,damburgyd9@posterous.com,9c7b63c2-faed-448f-9fcb-12639da62a66
Davis,Askew,1950-08-08,Male,daskewda@shop-pro.jp,a46c886f-cda3-485a-9471-47b77b36586f
Ellen,O'Reilly,2017-03-08,Female,eoreillydb@blog.com,b5f260e3-de31-472d-920f-3049c6b9c126
Barbie,Mc Combe,1967-06-04,Female,bmccombedc@paypal.com,ecd90de0-6fa6-4985-b9c5-43572e077fa0
Krystle,Stennet,1969-10-14,Female,kstennetdd@yandex.ru,4c7d3699-7c96-4447-8f83-7e1766165764
Diarmid,Huelin,1993-07-01,Male,dhuelinde@icio.us,46610379-7f5c-4e82-a308-6df2badef804
Alameda,Brown,1970-12-26,Female,abrowndf@cam.ac.uk,dd0075af-fcfd-46ec-964b-9b17d8d7be8f
Hollis,Eastman,1997-06-11,Male,heastmandg@vkontakte.ru,f0f7d4ef-4708-40e4-990b-032356b53d7b
Linc,Jobb,1974-10-12,Male,ljobbdh@sourceforge.net,86664a09-7ab5-485d-9599-073bcd0aab95
Pris,Sprakes,1979-09-24,Female,psprakesdi@yellowpages.com,efed35a3-5ea5-4f67-a97d-e5b4947d889a
Frazier,Tolomelli,1970-10-28,Male,ftolomellidj@twitter.com,d36383a1-2fcf-454a-b3fd-973a974c6a0e
Ellary,Moran,2018-08-17,Male,emorandk@springer.com,5870a997-864e-4b47-8d19-705451628376
Gloria,Shoebridge,1980-03-22,Female,gshoebridgedl@mozilla.org,7d03072d-ecfb-4236-8756-8a6aeab4192f
Alissa,Dalinder,1955-03-05,Female,adalinderdm@google.ru,ee48d071-dc19-4501-b76a-6d8819a737c8
Fielding,Jenner,1978-11-30,Male,fjennerdn@shutterfly.com,ee2039b0-0c45-4566-b71e-730dbe24cdbb
Tremain,Barsam,1985-02-15,Male,tbarsamdo@hatena.ne.jp,791d15cc-6c68-406f-beba-27297b585f79
Max,Devereu,1968-09-09,Male,mdevereudp@plala.or.jp,b8639b3d-258b-4ce3-a8de-85ba7d0797b0
Oriana,Petrol,2005-05-25,Female,opetroldq@people.com.cn,448be97c-c752-45b3-b0b1-819b3a5e9a30
Sarajane,Marre,2005-03-27,Female,smarredr@about.me,0376bd3b-a07d-4d61-abfc-17e38831c2d2
Lydia,Sandford,2013-04-14,Female,lsandfordds@pcworld.com,71f776f7-8e95-429f-b773-62daf32f4699
Lani,Elsop,1993-04-06,Female,lelsopdt@hibu.com,6366a02f-abf3-49ec-bbc7-8d6002eb385c
Winslow,Crump,2018-08-23,Male,wcrumpdu@microsoft.com,233551ec-3c7f-4492-8d57-37ef5bf3a6cd
Kimbell,Cluelow,1977-01-25,Male,kcluelowdv@clickbank.net,f303bc98-89ae-43c1-ad87-fb9d425de50e
Vicki,Douce,1962-11-15,Female,vdoucedw@soup.io,c988af06-a465-45cb-ad27-e78f21bbf671
Rachel,Slidders,1991-03-15,Female,rsliddersdx@de.vu,03c9e9c2-5788-4a50-af49-491acea6b11c
Lorianne,Redmond,2012-12-05,Female,lredmonddy@ehow.com,e8a0bdf5-e1a4-4166-ba8f-b3827f9a2b26
Terencio,Inchcomb,1971-03-11,Male,tinchcombdz@wp.com,239aafc8-fcb8-43e2-810c-35c212a9cb43
Flossie,Shardlow,2003-03-09,Female,fshardlowe0@ucsd.edu,398f63e5-4a08-4e61-a6ae-74f642616cb5
Opalina,Geaveny,2005-07-11,Female,ogeavenye1@de.vu,c151006f-0448-4047-9f20-7ed76d3b11b1
Virgina,Sandry,1958-05-19,Female,vsandrye2@google.pl,351e15e9-2a7f-4979-9d1d-a6693a783298
Michaelina,Lechelle,1950-11-21,Female,mlechellee3@ebay.com,e36957b4-f0ae-44ef-8b21-457d1c3834c0
Lotti,Cavet,2011-09-26,Female,lcavete4@weather.com,48dcf82b-5f59-4a77-bae1-726fbd693afa
Rivalee,Auguste,1974-05-24,Female,raugustee5@biglobe.ne.jp,f52c0607-6f6f-4615-a035-a2d704b3fc27
Cal,Loody,2011-03-15,Female,cloodye6@sourceforge.net,591213f4-0170-41f7-8a1d-f715ba6e86e9
Duke,Odgers,2015-10-31,Male,dodgerse7@newsvine.com,63b46afa-312a-4150-80e1-75366730e324
Darryl,Marikhin,1972-02-22,Female,dmarikhine8@unesco.org,267110ac-77a6-469e-9d10-466685d74bf5
Renault,Krabbe,1953-08-28,Male,rkrabbee9@hubpages.com,fc17d12d-b4ac-430b-a8dd-01f1e1ef9f02
Kingsly,McFetridge,1953-08-29,Male,kmcfetridgeea@multiply.com,5ca731a9-c3d1-4db7-bdfe-9c61dcfed690
Izak,Kondrat,2002-08-27,Male,ikondrateb@goo.gl,8e303d58-62fc-47c4-a98b-bc64d7831538
Jillie,Galliford,1956-07-29,Female,jgallifordec@bizjournals.com,ea8e8951-3f7a-418f-ab4f-25edccb5185a
Sonnnie,Bogaert,1982-09-13,Female,sbogaerted@state.gov,7f8065cb-c147-41d5-b529-213080b4432c
Gunner,Dabels,1953-05-31,Male,gdabelsee@omniture.com,056637b6-ac86-46e2-b3a1-c2ceec9ccb19
Catrina,Roggeman,1969-02-28,Female,croggemanef@princeton.edu,6a100a97-d6a0-4378-acc7-1c0d0ef3eb76
Nolie,Easterby,1969-01-06,Female,neasterbyeg@naver.com,6dbba51a-dbdc-450c-8d7b-f02da8869cc7
Roda,Skill,1954-05-24,Female,rskilleh@apache.org,07fddb8a-5b6e-46d5-967b-e6e37093d040
Cordie,Donlon,1993-12-30,Female,cdonlonei@istockphoto.com,e9c38959-70a7-45ae-a807-f74cd9ea5c03
Tadeas,Kelsey,2013-12-27,Male,tkelseyej@gravatar.com,dcab6536-1a60-4a2d-a465-04ad899ada88
Stanislaus,Clair,1988-04-09,Male,sclairek@tinypic.com,1ded189c-489e-4901-925d-3fbc8da29d84
Diahann,Ackers,1963-12-31,Female,dackersel@vk.com,13f6cb27-24fc-4ba3-9137-a0c3ab2f9136
Dermot,Luckes,2013-08-26,Male,dluckesem@redcross.org,5df7402f-e8e8-4839-b8ce-8bdaa3077641
Dre,Byrde,2010-07-19,Female,dbyrdeen@odnoklassniki.ru,24d7f6d7-f1bc-43b1-8561-e408def8d8d2
Marianna,Deetch,1964-07-03,Female,mdeetcheo@blogs.com,511cbc6e-8474-401e-9332-2fd4d4d8f43a
Emile,Simonetti,1990-07-14,Male,esimonettiep@ucoz.ru,09b997ad-bd63-45b2-8206-ba6040105d8d
Carly,Bhar,2011-12-05,Male,cbhareq@liveinternet.ru,77a97edc-2366-466b-85c1-e31a528d0c99
Rustin,Bolesworth,1956-03-21,Male,rbolesworther@nhs.uk,7c04b536-f00c-46f5-b6ae-0f453116a082
Bessie,Kidston,1986-06-01,Female,bkidstones@wisc.edu,7a2bf588-f85e-4cdd-a4f4-d30c8ed90e79
Gale,Amies,2020-08-05,Female,gamieset@newsvine.com,47dc34d1-d576-4e61-bb40-14b4e00d860a
Garnette,Robinson,2010-12-17,Female,grobinsoneu@deliciousdays.com,bbb91137-3446-4111-9f4a-6f0af36d5156
Erich,Mattes,2001-10-31,Male,emattesev@youku.com,83f51590-01eb-4c0e-ada4-cf24b4fd47fd
Park,Owthwaite,1988-08-17,Male,powthwaiteew@columbia.edu,f8600341-703f-4ea0-bc66-e8b7194c88d2
Devy,Nancekivell,1991-06-10,Male,dnancekivellex@dyndns.org,3129b4eb-c09f-4539-9e36-663b2a255de9
Matias,Ingilson,1991-07-01,Male,mingilsoney@csmonitor.com,5467997f-06c8-4bf5-8b7c-ebdc5ef5aeed
Gavrielle,Coddrington,2006-09-03,Female,gcoddringtonez@youku.com,01989a74-a0cf-4bf5-a219-74fee9d70299
Carole,Semorad,1998-05-20,Female,csemoradf0@sciencedaily.com,ae016f94-9ba6-4c38-9340-24e7dc835253
Grete,Rous,1996-02-02,Female,grousf1@umich.edu,59d95a47-b09f-4890-b57b-7a8ab46589f9
Levi,Langfat,2000-06-15,Male,llangfatf2@ucsd.edu,909e97e8-0cdb-4b00-a381-3854638fd4a8
Jefferson,Castro,1993-03-19,Male,jcastrof3@vimeo.com,65e8d33b-ffaa-44f7-8a44-6168e981eeff
Prentiss,Mar,1993-01-11,Male,pmarf4@ocn.ne.jp,8a18f57a-834f-44b4-867e-2ca718e62b8a
Doyle,Hutchison,2011-03-01,Male,dhutchisonf5@google.com.hk,d2d6c4c4-0259-41e3-a993-48eb58b07074
Inesita,Henrionot,1954-06-06,Female,ihenrionotf6@tamu.edu,6c9c48af-c90f-4c3e-810d-8aa19a4bf50a
Nils,Cappel,1990-04-10,Male,ncappelf7@sciencedirect.com,64b0ba6b-218a-4527-98f7-5e046344bcaf
Joanne,Edwards,1959-03-25,Female,jedwardsf8@angelfire.com,8c31b0da-ba8b-4223-8bf6-f04d57f993b7
Culley,Ricold,1956-11-03,Male,cricoldf9@w3.org,d0b3d187-64bd-4af6-9810-78f11a18acf0
Brinna,Fearey,2004-10-01,Female,bfeareyfa@cdbaby.com,411b0967-d7b6-4a0c-930d-4ab0b317ae00
Sukey,Hacquel,1997-09-05,Female,shacquelfb@reuters.com,824be15a-4a52-44e6-b6d6-4bd0a26ac3b7
Michaeline,Iddens,1983-02-02,Female,middensfc@discuz.net,4669a737-f89a-42b3-ae3d-5d304360d20b
Margareta,Lehrmann,2018-07-15,Female,mlehrmannfd@nbcnews.com,7151eed6-ebbf-4421-bd66-74723017fffd
Renata,Kineton,2008-10-22,Female,rkinetonfe@cocolog-nifty.com,55c49703-85d9-4e02-89f6-4d70fe2f152b
Sly,Oleksinski,2016-10-01,Male,soleksinskiff@pagesperso-orange.fr,4a6fc4e1-078b-48d5-b70a-890866548590
Jade,Annes,1973-08-25,Female,jannesfg@tamu.edu,792ba787-4718-4112-a2ca-f5ad6507ae63
Dahlia,Russe,1968-11-19,Female,drussefh@hao123.com,d21f1ceb-f23a-4d82-b131-c90538e67230
Welsh,Sandilands,1950-04-09,Male,wsandilandsfi@umich.edu,ba68f72c-6a5e-498c-96af-0499dffe75d3
Antin,Obin,2001-02-09,Male,aobinfj@ask.com,ea55b13e-e880-4e59-a9d7-f345ac110a58
Ayn,Sarl,2003-08-26,Female,asarlfk@twitter.com,bec0920f-24b2-410c-8e3b-20f0e1b4a3ca
Adela,Archambault,2003-01-02,Female,aarchambaultfl@delicious.com,1862ae11-341d-4e63-85e5-ce85dba8ebab
Dion,Pruvost,1999-08-22,Male,dpruvostfm@google.pl,c3f56fd7-8b7c-4156-ab93-5f58bcea1b53
Ichabod,Kitchin,1998-01-04,Male,ikitchinfn@g.co,23cdcd47-aa00-46fc-88c0-ed580cfe859f
Bevin,Passy,2008-05-06,Male,bpassyfo@plala.or.jp,15ad7490-1dba-4246-a2a8-fa7a4f864315
Milo,Rubinlicht,1972-12-22,Male,mrubinlichtfp@kickstarter.com,57d3fb59-3006-49c5-9a4f-e4623cd28327
Kimberlyn,Bolstridge,2002-05-21,Female,kbolstridgefq@webmd.com,f52f94cb-c549-4b58-b3d2-de74cdd08468
Bernadene,Winmill,1992-07-14,Female,bwinmillfr@unc.edu,9feaa392-dd81-478c-84ff-6534c0b7fa31
Omar,Faireclough,1960-07-05,Male,ofairecloughfs@house.gov,1229ac49-ee48-4892-a51f-9d16bdff9ad6
Cate,Southan,1970-08-28,Female,csouthanft@jalbum.net,0f0b5772-f6d5-4bce-89e1-601b9368158d
Kamilah,Laviss,1982-04-24,Female,klavissfu@exblog.jp,5d6edede-53ff-4be7-ab2c-c43add104974
Haven,Domsalla,2008-11-11,Male,hdomsallafv@examiner.com,e7de97ae-b70f-4b1f-9531-8b0ea6b0fda4
Carroll,Spurritt,1952-09-14,Male,cspurrittfw@canalblog.com,3bf6c38d-52b7-45f1-a315-a596fa010d15
Marlow,Capner,1978-03-14,Male,mcapnerfx@zimbio.com,379824c0-28b8-491f-8573-860176e818f5
Jard,Aymeric,1988-08-17,Male,jaymericfy@vistaprint.com,4c432b69-ff01-4bb6-a73e-0b642293dcca
Dre,Habin,1957-10-20,Female,dhabinfz@howstuffworks.com,4a41bdc1-e31b-43b5-b13d-8a96ceb2df0f
Otis,Renard,1955-09-28,Male,orenardg0@europa.eu,4fe5f90b-a41c-4a84-b0c6-060a5c988a46
Ashbey,Langstrath,1968-04-12,Male,alangstrathg1@addthis.com,fee12fe2-a547-4a7e-b802-463d31941fa8
Sergeant,Pally,1977-11-05,Male,spallyg2@noaa.gov,c65963b8-8428-4454-b030-8112c7b8784d
Ivory,Mumbray,1975-10-29,Female,imumbrayg3@auda.org.au,e900eda6-ebb2-418b-95de-bcc64cd4d312
Taffy,McIlvoray,2004-05-15,Female,tmcilvorayg4@purevolume.com,67942465-e86d-4784-8133-00b5b01b12e7
Cacilia,Beckensall,2018-05-25,Female,cbeckensallg5@tripadvisor.com,f3d4c115-fa5b-4969-ad95-a87687621d98
Brose,Barkhouse,1970-03-28,Male,bbarkhouseg6@amazonaws.com,697762b6-8a26-44d6-88c2-14ce17c80f68
Neale,Coult,2002-03-26,Male,ncoultg7@webs.com,df1c0363-1e58-4070-bbe2-ac844cbd08db
Raf,Costellow,2017-04-19,Female,rcostellowg8@sogou.com,711d5bcd-d31c-4076-9fcb-0318a757df67
Cris,Nornable,1959-11-21,Male,cnornableg9@miitbeian.gov.cn,11a313be-ecaf-4ddd-b7a6-4a6d6010f256
Minnie,Carriage,1991-11-22,Female,mcarriagega@wikispaces.com,d0ed70cf-5318-42c0-86b6-04a91ee90ec4
Elnar,Flear,1957-07-04,Male,efleargb@com.com,6a9b8526-6b0f-46d0-b529-c161658466d4
Miller,Das,1950-07-23,Male,mdasgc@xrea.com,142acb84-325f-4efb-8a54-fe0f959485ca
Abigale,Coke,2004-12-07,Female,acokegd@yellowbook.com,611fab6e-933f-4225-9542-a14b6c2f8099
Theodore,Carabine,1962-11-17,Male,tcarabinege@yandex.ru,c4ea7091-1d7f-4dd6-aee4-e58ac0a21e1a
Tanya,Lintill,1962-07-28,Female,tlintillgf@godaddy.com,e0336b22-2c9b-4b4b-9e6c-4b83aa2b6ff2
Kelvin,Ortega,2002-05-12,Male,kortegagg@google.co.uk,0fb1f1ae-1357-414e-855d-e4c518b01e46
Andra,Sundin,1994-05-07,Female,asundingh@infoseek.co.jp,d1d15ebd-9181-4965-90be-23f58ac283f7
Roana,Lubman,1988-10-26,Female,rlubmangi@people.com.cn,9b4f7acf-6bd5-4580-9233-ab186033cbe3
Batholomew,Hoult,2005-04-28,Male,bhoultgj@nymag.com,6c679e44-cdf1-421d-b92e-e30dd5ac349a
Bud,Searchfield,2014-01-05,Male,bsearchfieldgk@desdev.cn,73070e72-978f-4d7f-ab94-2531e3a94bff
Allianora,Saket,2003-03-21,Female,asaketgl@cnbc.com,564eb6b3-b7ea-40f1-8989-e060f987f478
Joellen,Birkhead,2007-10-10,Female,jbirkheadgm@pen.io,40cd04e5-a76d-4048-aa45-50a5a708d17a
Nathanael,Lomansey,2006-08-12,Male,nlomanseygn@exblog.jp,65bf5864-9586-414f-8333-7837da6adbc8
Carce,Willars,2010-10-28,Male,cwillarsgo@nytimes.com,0a374c42-26b1-4c6d-b365-178bf45e9cc9
Rozelle,Seabon,1963-01-12,Female,rseabongp@webnode.com,eb5a50f8-fc15-4cab-9401-f9b29c2cba73
Gail,Coady,1979-02-16,Female,gcoadygq@dot.gov,815046e8-e836-4659-a7aa-485a266a5837
Artie,Stoeck,1959-01-13,Male,astoeckgr@pagesperso-orange.fr,98dc1426-3bc2-40ba-b08d-7186daec2ffa
Artemis,Audus,2013-06-02,Male,aaudusgs@flavors.me,23c137ce-e8e9-40f5-86ba-906cdf7220c4
Emeline,Broadbridge,1953-07-10,Female,ebroadbridgegt@ovh.net,4415080a-0e9b-4275-b312-9f5b344f91c3
Cullie,McKay,1981-05-23,Male,cmckaygu@boston.com,9665f02f-4e3b-4bb5-9c19-0664a02e8e00
Konstanze,Messenbird,1960-02-20,Female,kmessenbirdgv@vistaprint.com,173c37e0-a925-4cd4-86b4-c9a1d89c4651
Jeramey,Berthod,1978-01-23,Male,jberthodgw@qq.com,e1172894-2574-424a-9389-aa5270314b06
Emogene,Eborall,1981-06-04,Female,eeborallgx@hud.gov,29009dce-f8c5-47ea-a21d-67463aa55ff6
Jeffie,Heaford,1985-11-20,Male,jheafordgy@cmu.edu,bd32c080-0fd9-4e80-bd9c-e7e55fb8826e
Danell,Fabbri,1987-02-15,Female,dfabbrigz@bbb.org,41021c11-c3f9-4f5d-8375-8ea2f09957d6
Bram,Aslet,1967-07-29,Male,basleth0@prlog.org,0f7acd91-3976-40d9-aec0-dcd9212e4e10
Abra,MacAirt,1981-01-08,Female,amacairth1@archive.org,19a6e504-2c8c-4dfe-86e3-6f6ba15599c2
Mandy,Shave,1954-05-28,Female,mshaveh2@fc2.com,8dda0190-d4ee-4980-adce-27bef19fb0b4
Brennen,Bargery,2015-06-28,Male,bbargeryh3@answers.com,dc3d64c1-c24a-4839-9646-29fd853718fc
Brita,Thomson,2007-04-04,Female,bthomsonh4@omniture.com,efdda31b-3f08-4d76-b63c-8514337be267
Bernhard,McKerron,1967-12-23,Male,bmckerronh5@weibo.com,7f933a7f-23b7-4ff7-b23f-2b7c2feaf53b
Bevin,Aumerle,2020-08-06,Male,baumerleh6@themeforest.net,be383141-09a2-47e4-aacf-8cc5f547fabb
Carley,Brownsett,2014-02-24,Female,cbrownsetth7@jigsy.com,cf937aca-eb0c-4488-b114-1abfd789cbfb
Al,Lyston,1983-01-05,Male,alystonh8@washington.edu,38877906-bb4c-4acb-a4b3-78b4025c7daf
Margarethe,MacCoughan,1973-04-10,Female,mmaccoughanh9@cloudflare.com,0865caee-46f8-4efc-bac0-3ac6cd2176de
Rich,Dennis,1975-03-09,Male,rdennisha@etsy.com,7b0d27a7-c6a1-45c9-b6cd-a53502dd2328
Thalia,Rosberg,1984-01-29,Female,trosberghb@bluehost.com,7fec2c41-5ea4-4dbb-9212-a13669af99f5
Tudor,Aprahamian,1979-04-13,Male,taprahamianhc@issuu.com,f234ca2b-d50d-4378-a18e-67d04136e6f2
Enrika,Minocchi,1980-10-24,Female,eminocchihd@tmall.com,8a2925aa-a71c-48e3-a5de-5e18a488fe2a
Lanette,Guiso,1976-08-12,Female,lguisohe@pagesperso-orange.fr,0088e3ec-4123-46cf-a138-2de92a274c7c
Adara,Boone,1971-07-25,Female,aboonehf@china.com.cn,0e018ca3-74e7-4854-9e48-627e2a638a10
Dita,Wilce,1959-07-25,Female,dwilcehg@bloglines.com,742b8f0f-5ab8-4f5e-84a1-d33ee5ee21b5
Suki,Manston,1987-06-07,Female,smanstonhh@bloglovin.com,3f7b6c8a-0023-4aef-87e0-ec657c6cf144
Sarajane,Hartrick,2009-09-01,Female,shartrickhi@dyndns.org,4a4f6e14-8f17-4618-92f9-34cf72a58c1f
Bald,Meaker,2015-04-22,Male,bmeakerhj@163.com,32abaf4e-be03-4610-b31f-b632e8c922e1
Kellyann,Megroff,1967-07-12,Female,kmegroffhk@accuweather.com,52e99521-5cda-4e90-963b-c7fdf6814de2
Land,Parnell,2018-07-26,Male,lparnellhl@desdev.cn,feab5bae-9983-438d-9a5f-6bfde14bb093
Adan,Ricca,1965-11-25,Male,ariccahm@macromedia.com,2e3d08e7-7240-4450-bc41-8025293248a0
Doll,Hover,1994-05-23,Female,dhoverhn@infoseek.co.jp,ba66abd0-33d2-4dfb-90b5-0030652eb3be
Erick,Rivitt,1970-09-03,Male,erivittho@weebly.com,8591383c-43b6-4dd3-b085-ccc70e5e55a6
Earlie,Fforde,1967-03-01,Male,effordehp@list-manage.com,aaade354-33b9-4819-af04-5d05073b20b9
Mickie,Wagner,1995-12-31,Male,mwagnerhq@mlb.com,d89f0c15-4ff3-436e-96a5-3401d9107411
Asia,Gladdis,1977-11-14,Female,agladdishr@berkeley.edu,55dabefd-2dff-4d4d-b3ca-6a59c7f0e722
Timoteo,Ings,2013-10-25,Male,tingshs@springer.com,872ba9ae-46de-41b6-9478-12675c71cb32
Red,Leathem,1969-12-11,Male,rleathemht@blog.com,a6e45ce2-8bea-4211-9107-7edf84b1fdf9
Gonzales,Leadbeater,1969-03-15,Male,gleadbeaterhu@discovery.com,3e31d997-07c3-41ff-8c09-f92d7270ea28
Dillie,McGurgan,2013-09-08,Male,dmcgurganhv@hud.gov,8f97a21a-bb36-4554-abae-6e19af49bcb5
Bearnard,MacCook,1996-12-22,Male,bmaccookhw@ca.gov,7e86bb3c-4012-45ed-96dd-26ef09420b18
Kendell,Gornar,1958-11-02,Male,kgornarhx@dailymotion.com,ad9490d5-1188-4188-8314-f2f005037a9c
Brockie,Pacheco,1996-06-01,Male,bpachecohy@edublogs.org,aaac462d-2337-4636-bb7d-8c27623930e1
Waite,Blackmore,2018-07-17,Male,wblackmorehz@telegraph.co.uk,7ba2fd2a-9999-4a7d-9b17-b5b2ea7c1152
Millicent,Muller,2012-03-27,Female,mmulleri0@ca.gov,5412ddd0-6854-4c03-9ce7-799d2aae770d
Mattie,Bahike,1971-12-14,Male,mbahikei1@baidu.com,bd64cb4e-67e6-467f-891a-3b1fa1421cb1
Waylin,Choake,2002-09-02,Male,wchoakei2@geocities.com,1fdf53d2-9ca8-4e4e-af70-e7e9cce3611a
Heddi,Pistol,1986-02-05,Female,hpistoli3@mlb.com,fda0baf4-5a8d-4906-b2ce-1b225a383c74
Katlin,Brasted,1971-09-14,Female,kbrastedi4@eepurl.com,b135b7b2-3c5f-48d0-bf5a-bc7e5f56b08d
Barbey,Torre,2006-10-06,Female,btorrei5@typepad.com,40141768-796f-4bf7-8043-a0606daf4a51
Art,Grimwood,1970-06-11,Male,agrimwoodi6@timesonline.co.uk,8f1e2e1a-60a2-4ca7-be28-44d159690690
Cristian,Cicconetti,1952-11-28,Male,ccicconettii7@wordpress.com,aa34031b-f35f-41e7-b8e3-3756499115aa
Raven,Guise,1983-10-06,Female,rguisei8@japanpost.jp,acf5e294-b037-4290-bf4c-c6e242529050
Gilly,Vogeller,1950-03-12,Female,gvogelleri9@exblog.jp,ed37a95a-27c0-459d-8e3c-a7a28dff1ade
Janka,Hairesnape,1986-01-08,Female,jhairesnapeia@thetimes.co.uk,1a2aa7f7-556f-41b3-9be4-7202be486826
Dorian,Gainforth,2018-08-22,Male,dgainforthib@google.com.br,3276cb75-3582-47d3-86db-46afc7ae965c
Sollie,Clemoes,1999-11-13,Male,sclemoesic@cocolog-nifty.com,fa05cd7c-dd4a-4a08-9456-60e549d8150d
Sacha,Vost,1950-02-25,Female,svostid@nps.gov,94a47d77-d318-48ab-8f2a-d19ab8cff5e1
Erskine,Davidow,1977-04-11,Male,edavidowie@ca.gov,9810a0f0-7e19-4ca9-a105-37be3537b9b2
Basile,Peschke,1965-06-02,Male,bpeschkeif@blogspot.com,426fde2c-fac7-4f9b-973c-865f0d661605
Davine,Bumpus,2001-08-15,Female,dbumpusig@google.es,3bd08d20-f907-4907-ada1-f8e3e1f8db5c
Husein,Stote,1991-10-28,Male,hstoteih@jalbum.net,1891fa6d-725e-41d1-9cc7-87af196af9b1
Bear,Pendleberry,1953-02-04,Male,bpendleberryii@e-recht24.de,cf4099f0-b2ae-48cb-8839-ad589bbbf33d
Kristina,Ouldcott,1981-04-26,Female,kouldcottij@cpanel.net,5a36a3e6-f65b-482a-a290-d1b5a42d1912
Roobbie,Elmes,1994-03-18,Female,relmesik@gizmodo.com,9a6be191-7fa5-449f-b7e1-f49c8385c1f1
Brennan,Matcham,1974-08-24,Male,bmatchamil@newsvine.com,e9693ddd-8f9f-4d32-93c0-0e8971264823
Rosalia,Besson,1988-03-17,Female,rbessonim@phoca.cz,58943739-e163-4266-9737-35ae41ad6604
Nata,Stealfox,1975-01-13,Female,nstealfoxin@infoseek.co.jp,893a2d58-deca-4a70-80d3-51924dcf9c00
Athena,Burfield,1994-03-17,Female,aburfieldio@hud.gov,8f4c0509-27b9-46cc-938e-d5902295cf84
Laurella,Insworth,1965-06-03,Female,linsworthip@microsoft.com,56f4b0b3-5bc0-4f80-80b4-b0533b0fdf71
Earvin,Rake,2010-02-25,Male,erakeiq@home.pl,3a58b445-9ab9-4845-930c-73e8859788dd
Clarissa,Olivo,1957-07-07,Female,colivoir@netvibes.com,c0a6a69d-2c82-45ce-a83b-26744ee61d7d
Travus,Sewley,1961-10-20,Male,tsewleyis@wsj.com,ce9e5577-fbdf-49cc-be22-413feaec40b3
Berthe,Skyrm,2015-08-08,Female,bskyrmit@timesonline.co.uk,edad9f87-e9ea-4d43-a376-d5798b4619ea
Bidget,Persich,2011-03-08,Female,bpersichiu@multiply.com,2653a166-a820-40c8-b9c4-a67553db05cf
Abdul,Clinning,1997-09-14,Male,aclinningiv@paypal.com,62e20821-1ad9-4f55-b7cb-97137d069052
Paton,Pitrasso,1990-04-21,Male,ppitrassoiw@sciencedaily.com,192afd77-00b4-4ed7-845d-a01b550ee983
Penni,McLorinan,1985-05-20,Female,pmclorinanix@uiuc.edu,d17715d8-606c-40ff-952f-8cde5b159499
Mamie,Kilty,1982-08-27,Female,mkiltyiy@europa.eu,2c9fb907-4d05-46a9-be60-c7e0a6736197
Wat,Cubbon,2018-05-03,Male,wcubboniz@si.edu,e1c37d71-3b67-4e05-975f-bf16e9cb518c
Olivette,MacBain,2006-01-15,Female,omacbainj0@cdc.gov,9069842d-5fb0-432d-b835-29ff798839ef
Ignace,Hollow,1960-01-10,Male,ihollowj1@behance.net,1d8ecdad-d45a-4497-865e-e4a2a00fabf6
Julianne,Downer,1973-07-31,Female,jdownerj2@squarespace.com,9eb44954-2bea-4af1-933c-da070fe13e76
Petunia,Tawton,1981-05-31,Female,ptawtonj3@scientificamerican.com,5cbb824d-b7a2-45a5-ad39-dcf38466dcbe
Annecorinne,Giovanni,1954-02-08,Female,agiovannij4@mashable.com,4ca84ef3-c537-4735-847a-78051d5a3f9c
Darcey,Cowpertwait,1973-01-16,Female,dcowpertwaitj5@w3.org,c17eee9d-7bf5-4972-9579-fa7ee75c37e5
Daria,Figura,1965-10-17,Female,dfiguraj6@vkontakte.ru,cf8c8121-f219-4fd8-a973-7c45da71edd9
Rossie,Asey,1986-02-03,Male,raseyj7@php.net,5c661264-389f-4406-b298-de97740c3307
Jessalin,Lavalde,1979-03-12,Female,jlavaldej8@europa.eu,5deb049b-7aba-4d80-86f9-8c76d44bdf4b
Rona,Dogerty,1990-06-17,Female,rdogertyj9@tripod.com,38d3acfc-b025-49d7-9bfa-9d52af249c10
Warden,Rodenhurst,1951-07-17,Male,wrodenhurstja@histats.com,f3305eb7-28eb-4259-a948-762e3c82dfd9
Sandie,Grinval,1991-09-09,Female,sgrinvaljb@acquirethisname.com,87d6f201-4cda-4897-850b-c5a09c664525
Guido,Cust,1980-10-31,Male,gcustjc@prlog.org,84006aca-55ee-4c3b-ac3a-b946c5499dd5
Alberto,Demschke,1970-02-13,Male,ademschkejd@columbia.edu,fab549f5-035b-4877-afae-580b21ee73bd
Waldemar,Mounch,2013-09-23,Male,wmounchje@sakura.ne.jp,27d762b3-00ac-48cb-894b-18295fb708c1
Cart,Polly,1975-02-09,Male,cpollyjf@barnesandnoble.com,83ea9467-acc1-4a23-8a1c-5f6b9687df56
Yelena,Rosbotham,1985-03-12,Female,yrosbothamjg@dailymail.co.uk,8c64a348-3791-43c6-9edd-1ffb2927924c
Kiele,Sauniere,1976-11-16,Female,ksaunierejh@blogger.com,a6c5981f-1da8-4a63-87db-d436e0dcc028
Cate,Boyles,1981-12-24,Female,cboylesji@princeton.edu,3e8421c0-fc14-4963-abca-aa942e2f2d32
Yorke,Morris,1958-12-21,Male,ymorrisjj@xing.com,842c09cc-7065-4774-b66f-ba65b26a1706
Aridatha,Naptine,1970-06-22,Female,anaptinejk@delicious.com,f3f82e26-8a1f-4a17-8e60-0159a33fd66f
Thalia,Klimentov,1969-08-02,Female,tklimentovjl@epa.gov,3f962b3c-2135-42b3-b525-a68ecf5a4094
Konstantine,Stanfield,1974-09-16,Male,kstanfieldjm@meetup.com,94b34c2d-5f07-4fa5-946f-84907af8449c
Desmund,Gain,1999-03-07,Male,dgainjn@eepurl.com,8f4f9dc9-0226-4c97-b8b3-569a788e93e3
Mignonne,Huggon,1952-12-25,Female,mhuggonjo@fotki.com,dc33b834-6d3e-41d9-8609-96bbec63cbd4
Ketti,Proughten,1973-03-25,Female,kproughtenjp@xinhuanet.com,4762ef89-58e8-4376-b31d-3a5215e20575
Ted,Ferschke,1972-07-18,Male,tferschkejq@rediff.com,2abda735-c37e-49e3-af56-dcc506740530
Ronnica,Chastan,1999-01-07,Female,rchastanjr@vimeo.com,d2f0c464-ea76-405c-ae53-10671d05647b
Jeremy,Lemanu,1969-06-01,Male,jlemanujs@spiegel.de,4d3589c6-37b0-46c5-a3dc-a7d65380504c
Tibold,Skeffington,1951-12-18,Male,tskeffingtonjt@toplist.cz,a4d7bebf-65cd-46de-b200-acf5d8baf4e8
Lynnette,Grimsdell,2009-10-26,Female,lgrimsdellju@lulu.com,90d28340-2513-489b-a52a-467609ac96dd
Tonnie,O'Shevlan,2009-12-13,Male,toshevlanjv@theglobeandmail.com,1f946b4d-a190-48c5-bcfe-7f39eba5fbe8
Ruy,Volkers,1979-02-06,Male,rvolkersjw@qq.com,cbaba54c-6c2f-425a-a9f8-fce41d975887
Cristin,Durgan,1980-12-22,Female,cdurganjx@icio.us,8e958e76-7cfa-4b87-af22-ac78c04c1091
Yorke,Eate,1950-10-24,Male,yeatejy@wikipedia.org,2a38d4c3-b982-42ee-bf71-fe69fef634f6
Bria,Solland,2014-06-19,Female,bsollandjz@hp.com,f5f56b64-2443-4ce4-a943-080339757768
Allister,Garford,1965-01-15,Male,agarfordk0@phoca.cz,745036b1-d42e-4f5d-bfde-c52ed2e69ba6
May,Raffles,1969-02-06,Female,mrafflesk1@si.edu,fd93238c-a289-49d9-83f9-24e86b9ceded
Donal,Yitzovicz,1975-09-22,Male,dyitzoviczk2@epa.gov,40da4e29-ef71-4171-a561-1e6e84f3cbef
Consuelo,Whitelock,2016-02-25,Female,cwhitelockk3@biblegateway.com,c5362629-b4aa-4152-bceb-a66600a9ddcb
Rice,Elverstone,2009-08-07,Male,relverstonek4@webnode.com,629e4d4a-d5e9-4490-a13f-3fb055f61d01
Fleur,Toplin,1970-02-07,Female,ftoplink5@sciencedaily.com,7c1bfdc1-f8e5-4704-87b2-fec79c198e17
Andeee,Moxom,1950-08-08,Female,amoxomk6@dot.gov,a239188c-59b8-4dce-8037-48d4f42c9376
Claudio,Ramplee,2006-02-09,Male,crampleek7@wiley.com,619f9e28-ce4b-4bb1-983a-3d541a65bff8
Freddie,Goldston,1991-09-23,Female,fgoldstonk8@merriam-webster.com,78565b6c-2a11-4816-92eb-1776431cd540
Paddie,Goodright,1987-09-02,Male,pgoodrightk9@utexas.edu,e56baad3-d5ad-4ed4-90f9-cab2ae46dcb8
Alfredo,Yurshev,1976-12-15,Male,ayurshevka@dropbox.com,edebd9fe-db3d-47eb-8c38-1d7b26094a51
Viole,MacMillan,1959-10-23,Female,vmacmillankb@blog.com,9b4cff54-35b9-46e2-90d0-e3262856e8c9
Gustavus,Baukham,2014-03-28,Male,gbaukhamkc@sogou.com,93cb23df-2216-463b-aaa8-7033308a71fe
Alard,Amthor,1980-03-16,Male,aamthorkd@hud.gov,f96cc657-a4bd-4c46-9679-5667ea41485c
Hanna,Kensington,2001-04-10,Female,hkensingtonke@mac.com,d35e0f5f-a2a7-4e8f-a224-469236248674
Christy,Tabrett,2004-04-01,Male,ctabrettkf@harvard.edu,35180053-3c6d-4743-af57-d751b84efbf8
Prent,Stallworthy,1991-12-21,Male,pstallworthykg@un.org,7931cf2b-90c0-4ec9-b315-cd9e260ca422
Cristionna,Boissier,1975-06-12,Female,cboissierkh@163.com,aad62252-008f-43a0-9f3b-e8025ac8f4d9
Dulcine,Steabler,1997-11-15,Female,dsteablerki@deliciousdays.com,083d1fe2-8646-4a47-a94f-6db4d4669cfc
Roddy,Haskins,1983-10-10,Male,rhaskinskj@scribd.com,66c115f3-d06c-4259-a388-a305beaac7e1
Jude,Durrett,1955-05-12,Male,jdurrettkk@theglobeandmail.com,e0383d72-6a14-406c-bbb8-c85455c7a46a
Tabbitha,De Francisci,1992-01-04,Female,tdefranciscikl@auda.org.au,f784c071-e932-4938-b8c0-ba1b7316b305
Ethelbert,Lourenco,1983-03-29,Male,elourencokm@ning.com,23a85706-0f26-48c1-a719-b3b6eaed39dd
Madelin,Eglin,1973-05-06,Female,meglinkn@cnet.com,3cec141b-f0f5-4167-a634-906f0765834a
Karleen,Awty,1996-08-21,Female,kawtyko@comcast.net,ba8985ec-ed1d-4545-b278-d5b391adbe90
Boigie,Aspinal,1975-04-03,Male,baspinalkp@qq.com,88b3d8ee-6b2f-46bc-8277-1849ee8d49c3
Rogerio,Spottiswood,1955-03-31,Male,rspottiswoodkq@sina.com.cn,f0ce727a-c85a-4314-b081-038b2fe58fa8
Constanta,Scade,1953-11-29,Female,cscadekr@t-online.de,2a7bf794-301c-4464-94be-7ed71baba4af
Margaretta,Mecchi,1975-09-04,Female,mmecchiks@independent.co.uk,8cdaa09c-ff3f-4797-8586-aa3c4e0f1781
Breanne,Maffia,1989-04-20,Female,bmaffiakt@themeforest.net,c93bc003-2ed2-4220-ba43-24d0ef7c3d7f
Curt,Ashdown,1994-08-10,Male,cashdownku@ihg.com,aa0ec25a-d65b-46c1-abb5-6f3b6cb75de1
Tammie,Furber,1950-01-30,Male,tfurberkv@ft.com,86d0ff4b-f3dd-4204-a836-64f61ba2cbb4
Dede,Hillitt,1999-08-02,Female,dhillittkw@jimdo.com,171ec36a-5996-4302-a029-52523ca3ad59
Rubia,Haresign,1968-04-11,Female,rharesignkx@goodreads.com,d8e31637-217e-4ca3-b402-3cf7c6a720c1
Forster,Roseborough,1951-05-26,Male,froseboroughky@stumbleupon.com,4e6388f8-3bc2-4e76-8c6d-b4a2ba0cae29
Jae,McEllen,1982-08-11,Male,jmcellenkz@epa.gov,e67197fa-6e6b-4ddb-806e-c9403fa420d3
Ashlin,Hanselmann,1993-06-01,Male,ahanselmannl0@dagondesign.com,605aba48-94d7-425b-af0f-d4df2f96cb80
Esma,Diegan,1985-09-08,Female,edieganl1@chronoengine.com,96bc2b2a-a7f6-4a98-b231-800d46c96d17
Quentin,Eglaise,2020-08-04,Male,qeglaisel2@github.com,74f67ce0-e30f-4d09-a272-55588ac63727
Kathie,Birchner,1962-06-14,Female,kbirchnerl3@europa.eu,b88aabaf-40f4-43b3-ac34-2195c93e87b6
Nicolle,Mortlock,1957-01-17,Female,nmortlockl4@baidu.com,f851f158-cd72-4869-9f1f-62613aef53c9
Gardener,Eades,1955-04-03,Male,geadesl5@1688.com,2cf9c1bb-50d0-46f6-8223-b46d19950c36
Linnet,Ezzle,1981-05-27,Female,lezzlel6@blinklist.com,d5f1abe5-06a1-4409-a76f-6e2a3ec94cde
Gwenora,Littleproud,2004-10-18,Female,glittleproudl7@unc.edu,67d7f14a-03e9-4c0e-8d4c-c5d77f7352a9
Keary,Heggadon,1994-09-25,Male,kheggadonl8@marketwatch.com,d5140021-bb87-4e27-a084-497d7cc2310a
Burton,McIlwraith,1971-10-18,Male,bmcilwraithl9@nytimes.com,51441f65-e952-441b-8237-de75de27250e
Leslie,Spellecy,1968-02-22,Female,lspellecyla@t-online.de,7ff37f49-68d5-43c1-9199-4fd29cb7bb21
Carolann,Briggs,1989-02-17,Female,cbriggslb@state.tx.us,621bf92f-7b08-44d9-bb92-a854de7fb73c
Inigo,Stebbin,1999-09-01,Male,istebbinlc@tiny.cc,69e9576f-36be-4dd3-baac-e400d66e0cf7
Bartlett,Cayton,1986-05-19,Male,bcaytonld@noaa.gov,909c6ce8-41af-40ce-8813-627320806588
Claudia,Strotone,1986-08-23,Female,cstrotonele@globo.com,d66345d3-12ca-4b0e-840a-54268cdf50e0
Ulrick,MacGinley,1982-03-07,Male,umacginleylf@g.co,da5e4a07-d397-4ee7-9e28-9b389cc3070d
Roberto,Pilkington,1991-10-18,Male,rpilkingtonlg@cnbc.com,ecae7d37-f543-453f-9d0b-3c4b6587c2cc
Cristobal,Peche,1968-10-29,Male,cpechelh@goo.gl,b3c4ae94-c3dd-4831-91e4-8a33126c920d
Sidonnie,Yarnley,1983-10-30,Female,syarnleyli@springer.com,c6064a33-d472-4015-b615-dbb2027ebb38
Rica,Pagitt,1992-07-03,Female,rpagittlj@paginegialle.it,2f59ed2d-6ccc-4066-b8cc-e5db0e417eec
Conny,Brosch,1980-02-17,Female,cbroschlk@google.ru,a8bd3823-68e0-4842-965f-5556e7b8f093
Jorgan,Nenci,1961-04-24,Male,jnencill@noaa.gov,e451b282-0be0-4106-bb1d-f60c4c929525
Avram,Blasetti,1974-07-13,Male,ablasettilm@uol.com.br,5c0d4a81-9a45-4973-9a9a-b8eab2ff020d
Judd,Meredith,1976-05-18,Male,jmeredithln@dagondesign.com,782a1904-8fb5-45c3-9f5e-a908c2ca0a03
Cristin,Bearcroft,1958-12-05,Female,cbearcroftlo@so-net.ne.jp,57d78739-40f0-4feb-a922-3e1dd4a17a57
Zarla,Coppin,2019-10-04,Female,zcoppinlp@hud.gov,5ee8f341-437f-4448-b7ae-9600983c2bf6
Delaney,Vearncombe,1962-08-04,Male,dvearncombelq@ftc.gov,5917053c-29a9-4bfd-9a43-305ef63bdd5b
Evey,Routham,2007-12-24,Female,erouthamlr@meetup.com,bf2d4f55-fe72-4b51-b72d-3d5b742c21b0
Nicola,Whitehead,1996-01-15,Female,nwhiteheadls@miibeian.gov.cn,dc8f3c6b-0862-4434-a9f0-44c36ab7cb29
Christoffer,Ridings,2001-10-04,Male,cridingslt@infoseek.co.jp,bd20ecf5-2dbe-4d86-9530-766dc7c36f05
William,O' Finan,1971-03-23,Male,wofinanlu@ca.gov,ecf86e1b-aa1a-493c-8352-7e45b7b18ec6
Goober,Clapperton,2009-07-31,Male,gclappertonlv@cloudflare.com,7e757f42-12e5-49f4-b801-85f48c76c9b1
Harald,McPhilemy,1992-08-16,Male,hmcphilemylw@tiny.cc,96d2fbac-31bb-45ba-9143-29906152fbeb
Christalle,Donke,1963-01-02,Female,cdonkelx@seattletimes.com,c84e52ea-c6ec-4821-bd1a-f18f8862c36e
Lennard,Parkhouse,1990-04-14,Male,lparkhousely@craigslist.org,6fa4ff99-ef0e-42ae-9e4d-b2f30c09927a
Zedekiah,Anthonies,1997-09-21,Male,zanthonieslz@hud.gov,f6001249-b8f5-4763-ac22-4bf89d9db1fa
Sigfrid,Derle,1993-04-08,Male,sderlem0@mediafire.com,bf6baab8-3cd3-497e-b7a5-f3dfffdd2862
Teresina,Guyot,1958-08-08,Female,tguyotm1@imdb.com,0675ef3c-00bc-4d2b-b804-00e01dd7fe43
Karrie,Male,2003-10-03,Female,kmalem2@ucla.edu,8d6e5777-d412-4cf4-86b0-b8faa26c190e
Alejandrina,Bouchier,1960-05-05,Female,abouchierm3@altervista.org,e2989296-91e1-453c-ab8e-28efa1c57286
Thain,Ramel,2012-12-09,Male,tramelm4@fotki.com,c23e6a44-8ef3-445f-bdc4-e06a6e5820e0
Adams,Laurenceau,2019-11-02,Male,alaurenceaum5@washington.edu,722fb683-7db1-473d-9161-707214740b76
Roxi,Bein,2003-12-20,Female,rbeinm6@globo.com,f65ffd4a-aa67-4d12-af3a-d981589aa41d
Sabine,Catherick,2008-05-09,Female,scatherickm7@discuz.net,0c67a981-bb65-4089-8fbd-e531604753d4
Robin,Jachimiak,2003-07-07,Male,rjachimiakm8@smh.com.au,c00a4646-8d23-468e-9d97-a995d23308bd
Olly,Spawton,2015-02-09,Male,ospawtonm9@earthlink.net,cadeb3bc-c8a3-4589-88d8-4a227f167dcd
Nan,Westpfel,1961-12-19,Female,nwestpfelma@latimes.com,10210fad-fade-45c2-b3da-97c41605feda
Crosby,Meiklem,1954-07-15,Male,cmeiklemmb@toplist.cz,d6103ff1-3026-45b0-ba3b-f878f59615ef
Darby,Duffell,1993-07-14,Female,dduffellmc@furl.net,f517850d-0721-4f29-8eac-2780ddb9f532
Engracia,Comport,1996-04-08,Female,ecomportmd@mozilla.org,c6fba47f-3024-4bd0-826a-4b360909bec7
Faber,Culley,2014-04-25,Male,fculleyme@weather.com,b2881d96-eef0-488e-84ed-ce66495d139e
Zorine,Loveman,1971-03-14,Female,zlovemanmf@boston.com,625fd33c-88de-4281-9450-c80c83b33556
Ly,Cohen,1999-03-27,Male,lcohenmg@si.edu,86ee44de-4b7a-452b-afd3-ca8dbb1121d0
Faber,Skudder,1997-04-08,Male,fskuddermh@theatlantic.com,36faa100-b116-47b9-865b-e3129c410435
Ermentrude,Van Oort,1961-10-25,Female,evanoortmi@ehow.com,266b8ad4-acf3-42a2-8c8d-9f24d354d888
Mathilda,Butterly,2003-04-17,Female,mbutterlymj@exblog.jp,5699f250-0d7f-4f39-8d3e-740a7c01591f
Martina,Spray,2006-07-14,Female,mspraymk@wired.com,895b67c6-3caf-4e99-b9fe-16b2ec2bb27f
Roland,Rosenstengel,1980-06-28,Male,rrosenstengelml@cocolog-nifty.com,242890cc-490b-48bc-b896-467daeaedfef
Patricio,Alessandrini,2008-09-22,Male,palessandrinimm@princeton.edu,174c7424-d9b2-4ac2-97e3-01b878bf74c8
Jaquith,McCroary,1979-07-07,Female,jmccroarymn@unc.edu,bacb6a91-496d-4f58-9945-7f1ea44f25a2
Derrik,Margach,1977-05-14,Male,dmargachmo@spiegel.de,f1021e00-d1a3-4199-bd84-f61a1daf492c
Melloney,Royste,2008-10-13,Female,mroystemp@auda.org.au,c7373bbb-f04f-4703-b4ab-44d2e7718fcf
Adey,Coston,1978-02-27,Female,acostonmq@amazon.co.uk,ed3d8513-4b17-4566-b5b8-332405d94305
Giuditta,Bennett,2015-07-18,Female,gbennettmr@psu.edu,789d959e-f06f-4a8f-a441-dbf9a0a8e019
Elisabeth,Di Dello,1991-10-01,Female,edidelloms@51.la,9d25a259-61b1-4217-9a1f-2b94cd81b56d
Morgan,Johananov,1965-02-02,Male,mjohananovmt@goo.ne.jp,4e8f5ae1-b6c3-419c-90e2-d78800c64864
Sergent,Batey,1957-08-09,Male,sbateymu@bloomberg.com,fecf9015-8f79-4b3c-b842-f8682a64322e
Rahel,Markwell,2006-02-28,Female,rmarkwellmv@cornell.edu,1b6bb5e7-d04f-47b1-8ab9-d4635b91eccb
Aleen,Sambrok,1963-02-18,Female,asambrokmw@dagondesign.com,de006a46-7839-4c3e-8570-4a3323c40e4d
Haven,Strangeway,1985-01-21,Male,hstrangewaymx@dell.com,dc4e8e83-27bd-496c-884d-6799e9a231d1
Cornelius,Curcher,1985-09-05,Male,ccurchermy@newsvine.com,b1d455db-42c7-4d2b-86d8-a215c3417abd
Lewiss,Jagielski,1974-10-26,Male,ljagielskimz@answers.com,becbd0c1-600c-4f99-90a0-7c59d81b2c25
Ab,D'Onise,1972-09-07,Male,adonisen0@ning.com,0da311cb-af4b-4220-9bff-8a1e081c1a9d
Clerc,Semken,1957-07-24,Male,csemkenn1@ning.com,5fe6941c-f923-41cf-95c4-bdad6fc151ba
Chelsie,Creedland,1967-11-02,Female,ccreedlandn2@mit.edu,1a7f65c5-3858-4b69-941d-748bff782d85
Kermie,Juliff,1958-08-20,Male,kjuliffn3@usda.gov,c6f3ffc5-26ec-415f-820b-bb6e39db2c86
Thorndike,Coyte,2005-11-18,Male,tcoyten4@wp.com,2f24a11e-46ee-461a-bce1-85090dfb8df5
Ax,Filby,1984-10-14,Male,afilbyn5@i2i.jp,b9ae9e65-e4a0-4e9d-beb7-5f36a666657b
Ursola,Ballance,2003-08-15,Female,uballancen6@virginia.edu,31e7f388-7c53-485e-9de1-e404a8b72705
Judas,Panswick,1970-07-06,Male,jpanswickn7@tiny.cc,0ffee498-3411-42de-a1fc-899ccc44dee1
Rochell,Shilston,1992-10-29,Female,rshilstonn8@boston.com,8b5ee2c6-ae8b-40e3-87ce-71fe14a25b4b
Raynor,Heymann,1969-11-17,Male,rheymannn9@hostgator.com,86e1e4ec-e502-4b7c-8346-b964d6a43f28
Rosalinda,Turbitt,2013-10-23,Female,rturbittna@163.com,9f9d5740-b7cb-4d1c-a23d-cfa190a28819
Horton,Hedden,2020-03-18,Male,hheddennb@europa.eu,c93f5523-3ef1-47b4-b83e-df1c29a5ca41
Corenda,Blyth,1978-07-22,Female,cblythnc@free.fr,e81f3593-e31a-4618-9214-433bb827b0c2
Glen,New,1955-04-02,Female,gnewnd@ftc.gov,60b81c37-e0ca-4086-a02e-19f2dce0a4f0
Helli,Lenard,1997-12-18,Female,hlenardne@wufoo.com,16cc6bf0-c6b5-4538-8e15-a8a08a31f5f1
Dael,Nickoll,1973-07-13,Female,dnickollnf@auda.org.au,948ce439-3efd-4bbc-9bf3-a68efd250624
Lissy,Fannon,1981-03-09,Female,lfannonng@opensource.org,10bb2f9d-1d85-41dc-b2ad-1df4652da404
Talia,Puleston,1954-07-15,Female,tpulestonnh@jigsy.com,adea20f6-9d61-4de9-bb23-5710a38173ed
Candis,Dobeson,2013-04-13,Female,cdobesonni@skyrock.com,0396f22f-91e6-41a8-964d-db9dd2d1c184
Wanids,Rosenvasser,1999-06-16,Female,wrosenvassernj@live.com,e6c91443-07c3-4931-86b4-da2c3732f0ef
Had,Saxon,1968-09-07,Male,hsaxonnk@vinaora.com,c64483e3-5574-474d-bf21-920dc1cf6092
Arleta,Wanstall,1962-01-08,Female,awanstallnl@delicious.com,be0619d3-fac3-4f58-924f-a4e70d3d40f2
Augustina,Formilli,2015-09-23,Female,aformillinm@typepad.com,87d7a8b4-817e-4f44-b13f-2ee17bbc0fbc
Ashton,Izkovici,2009-04-19,Male,aizkovicinn@github.io,699dbe48-5b32-4019-ba7b-b0bd9b5c5920
Mikol,Martinetto,1959-05-20,Male,mmartinettono@theglobeandmail.com,84cb5b38-4049-4c4a-bcc3-ad31482cf274
Vinny,Kennet,2020-05-08,Male,vkennetnp@elegantthemes.com,64f63615-a01e-4fc8-a857-0b59b4dfb5c1
Wittie,Ballham,1961-08-29,Male,wballhamnq@netvibes.com,575a9e08-38e5-4a26-9e28-1627758dff63
Cayla,Yardy,1961-06-30,Female,cyardynr@kickstarter.com,38a52cf5-1f71-470d-915d-bee50aa41b64
Peadar,Alloway,2011-05-28,Male,pallowayns@youtu.be,c3956b40-d56a-4127-ae9b-b009b980ab2c
Garey,Sprosson,1979-02-26,Male,gsprossonnt@technorati.com,ef3e64a1-7d62-47a4-82df-a4314a3bdcb4
Cristine,Pervoe,1973-03-07,Female,cpervoenu@reference.com,cea3f093-ac3d-46a3-beda-81450cb5306a
Carlos,Hull,1980-12-11,Male,chullnv@stanford.edu,641170b4-943c-427a-80e8-9e839c02047c
Heddi,Mila,1965-06-01,Female,hmilanw@geocities.jp,af3d8691-5b59-486b-beec-319df8364cff
Bourke,Kollaschek,1989-11-09,Male,bkollascheknx@zdnet.com,8e056de9-6aae-46e1-84d2-7110c9ed54e5
Meyer,Ahmad,1978-08-25,Male,mahmadny@pinterest.com,22b21b3d-1559-4dd6-9590-d543c82b17fd
Torr,Filyashin,2018-06-25,Male,tfilyashinnz@godaddy.com,dbd8dbb6-1020-41f1-a3d5-bde7271ea292
Corry,Sillars,1982-12-19,Female,csillarso0@aboutads.info,d503919e-2428-40e5-a31e-85b9855ada04
Lynn,Jex,1960-12-04,Male,ljexo1@ask.com,17c94ebb-5bbf-450a-99bc-58ede48cad25
Rogers,Laurenz,2016-03-24,Male,rlaurenzo2@arstechnica.com,60cec00c-aa11-49aa-94c7-60550fd1afa8
Kessia,Feast,1957-04-28,Female,kfeasto3@meetup.com,913fd38b-6af0-40a3-878e-92d7ff5b3f83
Dorena,Cecil,1997-10-04,Female,dcecilo4@vinaora.com,ecc9abfa-7a2d-4eba-a154-273c1382391b
Sibyl,Ricciardo,1965-04-07,Male,sricciardoo5@google.co.jp,2f9e776f-a061-4f09-9228-e9d61216c6b2
Melany,Batch,1992-04-03,Female,mbatcho6@blogspot.com,6e294d3f-184e-4b23-bb96-4b7d60311e88
Lyell,McCrann,2006-02-03,Male,lmccranno7@npr.org,fbaacfcc-9865-4e20-b4a7-b5d94185f760
Wallie,Vatini,1996-03-22,Female,wvatinio8@4shared.com,26e1263b-dd6a-4b67-ac7e-e1006aacdf47
Ferguson,Catterill,1969-07-08,Male,fcatterillo9@goodreads.com,238249eb-d43b-4ae9-a527-1b5899e0fe28
Clemmy,Walder,1954-02-11,Male,cwalderoa@theguardian.com,c6d4fa14-45ef-40de-8aab-1a395261faa8
Lonnie,Chinnock,1961-11-15,Female,lchinnockob@reference.com,b717140a-87bf-4b55-afe4-b3579932797b
Minetta,Hastwell,2014-04-08,Female,mhastwelloc@github.io,2f6700ec-1757-41b6-b4a4-d2cec3b97ff8
Ailene,Brickner,1964-03-22,Female,abricknerod@fda.gov,05a212e2-a247-4a1e-85ab-183811e55c0f
Harley,Masterman,2017-10-23,Female,hmastermanoe@paypal.com,173d4715-96ba-4522-a087-bfb748de2e81
Clary,Conboy,1959-02-18,Female,cconboyof@bizjournals.com,c431af62-2d4a-4bef-b5f5-39a20c9a10ec
Kenn,Straun,1974-03-24,Male,kstraunog@businessinsider.com,d98ec96c-6043-4faa-b3e2-56b31f4b589a
Donalt,Kores,1959-04-19,Male,dkoresoh@etsy.com,57121e3a-f2c7-407a-bc09-8534b5b374d8
Anderson,Daugherty,2010-09-05,Male,adaughertyoi@arstechnica.com,b4698e10-56b4-44d7-bca3-bb1830327dad
Van,Petcher,2005-02-24,Male,vpetcheroj@adobe.com,ada82097-d2de-42db-8de7-ce8fb7d2700d
Evelin,Byrom,1968-11-05,Male,ebyromok@com.com,f0127707-b47d-4a6f-8a1c-cf337c5dd341
Ronna,Matthew,1996-12-16,Female,rmatthewol@wiley.com,0229f456-fc18-4a32-8cca-93e63c7f572b
Mame,Blackborow,1992-12-04,Female,mblackborowom@squarespace.com,5462fc35-6ecc-4a46-91f6-97505f40aa33
Randee,Schonfeld,1977-10-22,Female,rschonfeldon@berkeley.edu,0cf58fa1-26ec-4ac0-b96b-c09c1aeb6905
Coretta,Newbigging,1981-04-28,Female,cnewbiggingoo@oaic.gov.au,6c2cbb69-c40e-4a1c-bb33-a28cf34f2f12
Ami,Exelby,2019-12-27,Female,aexelbyop@acquirethisname.com,2fe6f9b8-7cb8-4c6d-8f7a-b5c4867f7c47
Lorraine,Du Hamel,1950-07-26,Female,lduhameloq@soup.io,f95393b7-8315-4541-89ab-417a9b5a2bad
Aloin,O'Longain,1964-04-27,Male,aolongainor@example.com,69c312d4-e44e-4648-b64a-f16678dba1fd
Creighton,Blindmann,1995-12-15,Male,cblindmannos@mapy.cz,54495ec9-7a91-4851-a7f2-3ffd03039867
Brucie,Hardinge,1992-03-06,Male,bhardingeot@youtube.com,af62fe81-4245-4ede-945e-1a9fc1b8a114
Dunc,Torrecilla,1967-05-30,Male,dtorrecillaou@wufoo.com,9bef8621-1ea4-4daf-b21d-f1ccbc6ae903
Lydon,Lachaize,2005-07-27,Male,llachaizeov@addthis.com,a66fcdf2-e9e8-47e0-9d03-58d8335ac41d
Maximilian,Kear,1980-02-03,Male,mkearow@cnn.com,400db650-fac0-4799-99bf-35593a2873f5
Enos,Audry,2013-12-04,Male,eaudryox@ocn.ne.jp,c6c55cf6-8e76-4e27-983a-8dfa494ef1a0
Maje,MacCurtain,1989-02-21,Male,mmaccurtainoy@theguardian.com,2f3060e4-2c6e-4ef2-8147-959721f33358
Avery,Grinikhin,2020-04-20,Male,agrinikhinoz@sphinn.com,b4a15711-830c-410e-af16-ed31d8adade9
Perice,Stimson,1993-01-04,Male,pstimsonp0@forbes.com,c108c6d0-fc23-408f-b08b-670ceeb7b9e7
Seana,Cuerdale,2020-01-29,Female,scuerdalep1@ox.ac.uk,580635e7-1f0e-4a61-9c43-01e0748ce2c3
Joycelin,Aylin,1995-03-22,Female,jaylinp2@pagesperso-orange.fr,54a62767-f4d2-4508-91f3-7bb9d94dacfb
Ange,de Vaen,2001-08-21,Male,adevaenp3@google.com.au,4dc22cad-2a3c-4ebd-958b-c16044f040be
Adrien,Dioniso,1996-02-24,Male,adionisop4@salon.com,e7567116-04ac-4f79-b229-b174f2c87ea3
Aime,Siggee,2010-05-05,Female,asiggeep5@freewebs.com,f1fae847-70ab-4759-a13f-363dd9a7add3
Fulton,Haggerston,2005-04-24,Male,fhaggerstonp6@ebay.co.uk,1133e4a4-f71b-47fd-af4a-461a05ad7666
Immanuel,Tague,1967-02-09,Male,itaguep7@naver.com,879cee08-ccd9-4fe4-a9f5-7035abfbc587
Riane,Acome,1971-09-07,Female,racomep8@sun.com,1bd73af0-a59a-4fbf-b889-f095db2d46a9
Dorian,Tineman,1952-03-09,Female,dtinemanp9@zdnet.com,e8018bab-5751-42e6-8b2d-210e715346be
Nolie,Cartin,1963-03-30,Female,ncartinpa@discovery.com,8a1c35c9-6ac5-4b10-b00e-593cada87c30
Pegeen,Fossitt,1969-11-19,Female,pfossittpb@cpanel.net,64757659-afff-4e55-939b-0968407bc5bc
Bevan,Yashnov,1960-11-01,Male,byashnovpc@angelfire.com,bf03cb48-1d6d-48d9-a362-07a41d59de63
Edik,Toffoloni,1981-09-12,Male,etoffolonipd@jimdo.com,d431518a-89d8-45e3-a37b-ece0b5d439a8
Saidee,Probart,1997-10-07,Female,sprobartpe@webmd.com,a26e2f06-3f4d-4166-889f-359989513d68
Cherice,Petchell,1961-03-18,Female,cpetchellpf@sfgate.com,6ff35df6-cc54-445c-b70b-b9cba124ae2c
Engelbert,Grieves,1986-09-11,Male,egrievespg@cafepress.com,ad8349dc-18c0-41e6-8537-917ea4181e14
Karmen,Corbally,1962-12-12,Female,kcorballyph@aboutads.info,fb1e7982-cddf-4a7b-8bd0-8936ca25ddbb
Tate,Janca,1959-06-28,Male,tjancapi@mayoclinic.com,875f277d-58fe-4bf2-80bd-e4bc98b69b5b
Lizzy,McGeoch,1983-09-28,Female,lmcgeochpj@paginegialle.it,604c8f7f-d029-4f60-8fdc-0ad8b6bc412d
Emelyne,Witherspoon,2014-03-21,Female,ewitherspoonpk@ebay.com,2d13e129-3d92-462f-845b-3989c12a67ba
Emmy,Hollerin,1951-05-26,Female,ehollerinpl@t.co,ceb150de-526e-4c0a-8752-2349835ad945
Benedicta,Boughen,1964-05-30,Female,bboughenpm@xing.com,bbb3e1b1-7969-4864-a29b-ef007fb8fb46
Debby,Squires,1962-01-25,Female,dsquirespn@exblog.jp,5f80317c-d250-4997-954c-b49205259958
Gamaliel,Rathbourne,1978-07-26,Male,grathbournepo@instagram.com,0b7a6e8a-26a6-4dd2-a96c-69506a4053ed
Daryl,Kohring,1974-09-03,Female,dkohringpp@eepurl.com,575aff50-0ef0-4429-978a-4b43ebe94f5a
Barry,Dudgeon,1996-11-20,Male,bdudgeonpq@nytimes.com,9ea38a45-0d99-4699-8afb-a77f129bce0a
Brien,Tucknutt,2001-05-12,Male,btucknuttpr@cloudflare.com,9f501c7c-2d5c-4305-8c13-c63fc718ab64
Stevena,Guyonneau,1997-02-11,Female,sguyonneaups@imageshack.us,78a0a001-658a-4730-869e-5150a9510b3b
Rriocard,Braithwaite,1972-07-25,Male,rbraithwaitept@creativecommons.org,7272f974-4355-4ab5-b26d-e8a684485763
Dania,Di Maggio,1963-06-07,Female,ddimaggiopu@dropbox.com,57da185f-a360-48b3-a0ca-ef4ea7423cb9
Hart,Spring,1985-02-04,Male,hspringpv@prnewswire.com,5e9da108-b060-4305-b915-4e6b20b60a83
Blair,Osgorby,1974-10-27,Male,bosgorbypw@skype.com,eeb3e77e-0ef3-460e-a4f8-d46b1f234fd0
Paulita,Kemmons,1988-02-14,Female,pkemmonspx@ask.com,6cd3d586-1fd4-406b-82b4-01464b1bc16c
Eugenie,Phlipon,1999-11-07,Female,ephliponpy@smh.com.au,ea1e8f13-7646-4124-9e8a-c4be2778e976
Kale,Marriot,1954-01-21,Male,kmarriotpz@deliciousdays.com,1e956ab4-d428-4477-94f7-d47872bd586d
Vinnie,McDonough,1993-04-13,Male,vmcdonoughq0@example.com,e0210a83-436b-467b-b84a-3b0c46d36142
Gaspar,Penquet,1958-07-08,Male,gpenquetq1@wikia.com,78394995-e2ed-4051-9016-1d54e9c732ab
Domenico,Lowers,2002-11-11,Male,dlowersq2@bloglovin.com,0d701551-a3c4-4bf1-b5a7-07908580d666
Mickie,Perrins,1977-08-27,Female,mperrinsq3@elpais.com,065316aa-d81d-4270-a2bc-9b3718a3466a
Olimpia,Ronca,1978-11-27,Female,oroncaq4@theglobeandmail.com,c25f699d-0120-4cd9-9e30-f22a805f351c
Penrod,MacKaile,1982-06-08,Male,pmackaileq5@wordpress.org,e6d56be7-ee42-4c74-be9a-ae842e389680
Westleigh,Seamons,1977-03-17,Male,wseamonsq6@economist.com,1e255f7b-f71f-4349-ae27-a0edc2d1ef02
Demetra,Pickles,1992-12-25,Female,dpicklesq7@wsj.com,7b893610-d8a8-4b69-9cd2-11fe8a726cfb
Valaria,MacCarroll,2010-05-06,Female,vmaccarrollq8@ucla.edu,61d7512a-ccca-433d-b6fc-16602f5b707a
Maia,Andrelli,1961-12-26,Female,mandrelliq9@creativecommons.org,95f29224-b5e6-44e9-9f88-c4b005213c46
Dan,Andrioli,1982-07-28,Male,dandrioliqa@clickbank.net,6b9348f1-b338-48a9-9764-ef7365c10ef2
Annabal,Birnie,2006-07-14,Female,abirnieqb@stanford.edu,e2649265-c4c0-474a-9f5c-290802c093d8
Elvina,Tottem,1978-03-09,Female,etottemqc@icio.us,38396277-9821-4763-a314-a6c355cc6a09
Rora,Huyton,1983-05-02,Female,rhuytonqd@cnn.com,7877a541-443e-4c9d-834a-a5d3313c1d57
Cirilo,Maliffe,1970-03-24,Male,cmaliffeqe@weibo.com,ace45a51-e8b7-41b1-9a24-a9d3695e26b0
Nessie,Nesterov,1964-07-18,Female,nnesterovqf@so-net.ne.jp,bcc8c93b-0e18-47c8-84ab-9f1c62470024
Scarlet,Huzzay,1990-03-25,Female,shuzzayqg@usgs.gov,9e02f51a-5d67-4992-b56c-a1d7b0d2bdcc
Nari,Struthers,1956-03-08,Female,nstruthersqh@bloglovin.com,d9a3b381-1607-4bf8-9af3-149accbc3f9c
Codi,O'Leary,1962-06-08,Male,colearyqi@yelp.com,b967f40f-d6cd-4779-b208-654f308e0693
Clarita,Lethibridge,1969-09-15,Female,clethibridgeqj@phoca.cz,d37b96f3-430f-470d-aa48-7ad5cd0bf706
Shermy,Dinnis,2015-01-18,Male,sdinnisqk@hatena.ne.jp,d3dcbefc-155e-40fe-8124-109aefe5aff4
Leela,Meffan,1952-07-17,Female,lmeffanql@google.fr,605ec324-aca9-4a93-b6df-158b06764c4c
Rafael,Vann,2009-08-16,Male,rvannqm@1688.com,939b03ca-2ac4-4fbc-9476-7c3476d16326
Jaquith,Stuke,2009-12-09,Female,jstukeqn@dyndns.org,c422159b-09ef-4ee8-afe2-5009ca032c8f
Rona,McQuilliam,1960-05-12,Female,rmcquilliamqo@cnbc.com,0b52bb7a-6702-42bb-a31f-7466c9c598c5
Maribelle,Youngman,1987-12-28,Female,myoungmanqp@de.vu,19e9b48f-abb4-49f1-8257-30769003b853
Sisely,Candlin,1957-06-20,Female,scandlinqq@livejournal.com,66c21b4c-ba4f-49cb-bc0b-1c014876fd0d
Mickey,Schneidar,1953-11-01,Male,mschneidarqr@seesaa.net,8f483cf9-0be9-46e5-b426-9f2d6b9b4b08
Kynthia,Gennerich,1972-01-28,Female,kgennerichqs@boston.com,90fe76a3-59dd-4447-8198-d4f993d4af35
Murray,Evensden,2017-03-26,Male,mevensdenqt@whitehouse.gov,ff885e01-9cec-44be-890a-e814905d6249
Benedikt,McHaffy,1983-07-02,Male,bmchaffyqu@wikia.com,39b59f86-4d6f-456e-83c4-f74cdcc223a4
Stirling,Pietrasik,2018-09-12,Male,spietrasikqv@sun.com,37c62510-623a-49ef-a658-5fb09a9dc936
Gayle,Dupoy,2010-12-27,Male,gdupoyqw@homestead.com,147b5bd6-d215-42a6-8eb5-0e3f5f5fbf3e
Bernita,Hammerman,1990-05-07,Female,bhammermanqx@4shared.com,05d98bdc-aa5d-49bc-99c5-7d5231d1413d
Elvis,Jaquet,1986-04-03,Male,ejaquetqy@wired.com,3198db36-ce33-408d-81ab-bf987f1dabd9
Casey,Aronstam,2009-06-22,Female,caronstamqz@xrea.com,bb40ea5a-967a-437d-82a5-e74692daf8b1
Emera,Claybourn,1952-05-01,Female,eclaybournr0@cdc.gov,b53cf710-873c-48b7-9afc-f46e3f9873a9
Sheilakathryn,Eastop,2009-07-14,Female,seastopr1@bluehost.com,e362f1f9-39b9-43b4-a1c1-99128ae364e0
Francis,Shapira,1978-07-18,Male,fshapirar2@omniture.com,13fe1006-b111-4d18-898d-3a63fedefa97
Cyb,Pymer,1992-04-11,Female,cpymerr3@who.int,513e9c3a-5339-4105-9143-8847f1e3ea96
Ephrayim,Corryer,1962-12-20,Male,ecorryerr4@paypal.com,a620d87d-50e2-4ea7-8666-8dc1f196ca8b
Barrett,Dissman,1982-10-20,Male,bdissmanr5@illinois.edu,640f1af5-197b-4d83-88bf-8d208b99353a
Jodie,Noen,1974-03-23,Male,jnoenr6@japanpost.jp,f8bcf398-64a6-46f7-acf6-429122e98930
Una,Brunet,1996-03-25,Female,ubrunetr7@umn.edu,9dfdad3a-cc5e-4e21-9bb0-f679ff5dc72c
Janene,Blooman,2009-01-29,Female,jbloomanr8@elpais.com,97a77003-3ac8-4426-8c88-848724a67b8d
Seumas,Reuss,1972-07-04,Male,sreussr9@webeden.co.uk,c5a53a46-dc00-4de9-9b1d-5b2eb40c2db4
Cecilla,Cran,1958-12-17,Female,ccranra@woothemes.com,f40a2c13-1871-43e3-8f41-7d654d10499d
Hilario,Saurat,2010-08-07,Male,hsauratrb@microsoft.com,05ce05ab-dafc-4e7b-87c2-b2e4bacd4953
Giacomo,Gooderridge,1992-11-12,Male,ggooderridgerc@shutterfly.com,596e12e0-b2f9-4d01-8d22-8246a895ade1
Karil,Le Noir,2008-06-29,Female,klenoirrd@un.org,d8077281-8d99-4e6e-bdc2-2db7ea1bbb75
Cayla,Grissett,2004-02-13,Female,cgrissettre@symantec.com,b9f054c7-f77a-42e6-afa7-d5695a91b7be
Celeste,Kase,2003-05-19,Female,ckaserf@google.de,f02cf85c-c9ca-404f-ab29-dc1526c08dd0
Konrad,Maffulli,2007-09-23,Male,kmaffullirg@washingtonpost.com,de6ddf39-34fe-4c8d-8643-a2ad938acdaa
Michaella,Langston,1987-09-21,Female,mlangstonrh@umn.edu,d80eaea3-6866-404b-a6e3-c97407129715
Robbie,Haste,1984-03-28,Male,rhasteri@clickbank.net,7bfc98ab-3f72-4cdb-aba9-b1ca639381a7
Haskel,Guyver,2003-10-06,Male,hguyverrj@intel.com,f0419119-8d7d-465f-88d6-e0bdd4d715dc
Yardley,Gaveltone,1963-10-20,Male,ygaveltonerk@a8.net,f289a783-3c65-4e51-9da1-2182cfa38477
Sorcha,Girardy,1973-06-13,Female,sgirardyrl@networkadvertising.org,e4cf9693-5a70-470a-b883-dff2278ca548
Shaylah,Streatfield,1971-10-13,Female,sstreatfieldrm@china.com.cn,fc5e57a9-409e-47cb-aa70-3accc2aa4b88
Cozmo,Kneebone,1985-05-08,Male,ckneebonern@free.fr,8b19b382-7a5d-421e-a673-b037f3cd6d9b
Ashlan,Woodsford,1988-02-12,Female,awoodsfordro@gizmodo.com,19686e39-499e-4b6c-a797-e2fa257fdbbb
Gavra,Adolf,1995-08-30,Female,gadolfrp@wordpress.com,4bd4b557-ca5d-47a8-a731-c5eb9c702706
Alma,Tukesby,1966-03-25,Female,atukesbyrq@soup.io,3b0782d2-b999-4ce3-bcd6-68e4bd1b6077
Felipa,Rollinshaw,2017-08-14,Female,frollinshawrr@wunderground.com,92ddb0ef-36a2-47e6-b2e4-24151fc57c3e
